"uuid","category","group","Name","Fraktion","Wahlkreis","Kommentar","Bild","Wikipedia.URL","Geschlecht","Twitter_screen_name","Twitter_id","last_modified_time","last_modified_user","modified_at","modified_by","tags"
"617d647f-fd34-48b7-b0f8-cc6764d9514e","Parlamentarier","Bayerischer Landtag","Klaus Adelt","SPD","Oberfranken","","https://de.wikipedia.org/wiki/Datei:Klaus_Adelt_5875a.jpg","https://de.wikipedia.org/wiki/Klaus_Adelt","männlich","KlausAdelt",192203257,2021-02-23 20:23:58,"grenwi",2021-02-23 20:38:11,"admin",""
"61727c4e-6ac2-4a64-8a77-192f8906acd2","Parlamentarier","Bayerischer Landtag","Benjamin Adjei","GRÜNE","Oberbayern","","https://de.wikipedia.org/wiki/Datei:Image_of_none.svg","https://de.wikipedia.org/wiki/Benjamin_Adjei","männlich","benniadjei",1063007310996480000,2021-02-23 20:23:58,"grenwi",2021-02-23 20:38:11,"admin",""
"6527da47-0a10-46b2-ae87-648424bedb65","Parlamentarier","Bayerischer Landtag","Ilse Aigner","CSU","Oberbayern","","https://de.wikipedia.org/wiki/Datei:Ilse_Aigner_09.2015.JPG","https://de.wikipedia.org/wiki/Ilse_Aigner","weiblich","IlseAigner",4060082415,2021-02-23 20:23:58,"grenwi",2021-02-23 20:38:11,"admin",""
"37020a04-bf9b-47e8-9d11-ba1c53fe751a","Parlamentarier","Bayerischer Landtag","Hubert Aiwanger","FW","Niederbayern","","https://de.wikipedia.org/wiki/Datei:Hart_aber_fair_2019-02-25-5560.jpg","https://de.wikipedia.org/wiki/Hubert_Aiwanger","männlich","HubertAiwanger",702495475275079680,2021-02-23 20:23:58,"grenwi",2021-02-23 20:38:11,"admin",""
"eda43a17-8b71-442e-8776-4d21228de9c8","Parlamentarier","Bayerischer Landtag","Horst Arnold","SPD","Mittelfranken","","https://de.wikipedia.org/wiki/Datei:Horst_Arnold_(2017).jpg","https://de.wikipedia.org/wiki/Horst_Arnold_(Politiker)","männlich","HorstArnold_SPD",844146855281917952,2021-02-23 20:23:58,"grenwi",2021-02-23 20:38:11,"admin",""
"b9675f00-f1c8-49ef-8db2-19bbb4be4378","Parlamentarier","Bayerischer Landtag","Inge Aures","SPD","Oberfranken","","https://de.wikipedia.org/wiki/Datei:8008ri-Inge_Aures.jpg","https://de.wikipedia.org/wiki/Inge_Aures","weiblich","",NA,2021-02-23 20:23:58,"grenwi",2021-02-23 20:38:11,"admin",""
"913c6f5e-09e5-4a72-b785-0989f1810d6f","Parlamentarier","Bayerischer Landtag","Martin Bachhuber","CSU","Oberbayern","","https://de.wikipedia.org/wiki/Datei:8143ri-Martin_Bachhuber.jpg","https://de.wikipedia.org/wiki/Martin_Bachhuber","männlich","",NA,2021-02-23 20:23:58,"grenwi",2021-02-23 20:38:11,"admin",""
"6775eddf-9c6d-46d2-a6af-145cb2a943f0","Parlamentarier","Bayerischer Landtag","Peter Bauer","FW","Mittelfranken","","https://de.wikipedia.org/wiki/Datei:Peter_Bauer_2012_-_RalfR.jpg","https://de.wikipedia.org/wiki/Peter_Bauer_(Politiker)","männlich","FRANKENSPRECHER",132575615,2021-02-23 20:23:58,"grenwi",2021-02-23 20:38:11,"admin",""
"2627a354-72cc-4baf-bc00-8dc3e5d9553e","Parlamentarier","Bayerischer Landtag","Volker Bauer","CSU","Mittelfranken","","https://de.wikipedia.org/wiki/Datei:Volker_Bauer,_MdL_zeigt_technischen_Sachverstand_bei_Betriebsbesichtigung.jpg","https://de.wikipedia.org/wiki/Volker_Bauer","männlich","",NA,2021-02-23 20:23:58,"grenwi",2021-02-23 20:38:11,"admin",""
"ca9f199b-dfd8-4b88-900c-8eb4714b304a","Parlamentarier","Bayerischer Landtag","Jürgen Baumgärtner","CSU","Oberfranken","","https://de.wikipedia.org/wiki/Datei:Image_of_none.svg","https://de.wikipedia.org/wiki/J%C3%BCrgen_Baumg%C3%A4rtner","männlich","",NA,2021-02-23 20:23:58,"grenwi",2021-02-23 20:38:11,"admin",""
"2dc85d0b-6c31-4d1b-b94a-d3bf8090ea63","Parlamentarier","Bayerischer Landtag","Winfried Bausback","CSU","Unterfranken","","https://de.wikipedia.org/wiki/Datei:8062ri-Winfried_Bausback.jpg","https://de.wikipedia.org/wiki/Winfried_Bausback","männlich","Wbausback",4892696752,2021-02-23 20:23:58,"grenwi",2021-02-23 20:38:11,"admin",""
"7bf1e4b1-0457-4939-98a0-3645bb1a3d23","Parlamentarier","Bayerischer Landtag","Markus Bayerbach","AfD","Schwaben","","https://de.wikipedia.org/wiki/Datei:Image_of_none.svg","https://de.wikipedia.org/wiki/Markus_Bayerbach","männlich","",NA,2021-02-23 20:23:58,"grenwi",2021-02-23 20:38:11,"admin",""
"31b91e19-158e-4e1c-b44a-9b02e08e5172","Parlamentarier","Bayerischer Landtag","Johannes Becher","GRÜNE","Oberbayern","","https://de.wikipedia.org/wiki/Datei:Image_of_none.svg","https://de.wikipedia.org/wiki/Johannes_Becher_(Politiker,_1988)","männlich","Johannes_Becher",807146581128515584,2021-02-23 20:23:58,"grenwi",2021-02-23 20:38:11,"admin",""
"0f145d38-25d6-4bd8-9e48-bb4e2091b37e","Parlamentarier","Bayerischer Landtag","Barbara Becker","CSU","Unterfranken","","https://de.wikipedia.org/wiki/Datei:Image_of_none.svg","https://de.wikipedia.org/wiki/Barbara_Becker_(Politikerin)","weiblich","",NA,2021-02-23 20:23:58,"grenwi",2021-02-23 20:38:11,"admin",""
"b1737b07-7e51-4d6c-ae69-1e86daa90fdd","Parlamentarier","Bayerischer Landtag","Eric Beißwenger","CSU","Schwaben","","https://de.wikipedia.org/wiki/Datei:Image_of_none.svg","https://de.wikipedia.org/wiki/Eric_Bei%C3%9Fwenger","männlich","EricBeisswenger",2201228161,2021-02-23 20:23:58,"grenwi",2021-02-23 20:38:11,"admin",""
"6d18b2b7-e0fa-4a9b-ac7b-fcba2f296831","Parlamentarier","Bayerischer Landtag","Franz Bergmüller","AfD","Oberbayern","","https://de.wikipedia.org/wiki/Datei:Image_of_none.svg","https://de.wikipedia.org/wiki/Franz_Bergm%C3%BCller","männlich","FBergmuellerMdL",1069519640521555968,2021-02-23 20:23:58,"grenwi",2021-02-23 20:38:11,"admin",""
"2148cb11-4963-442d-9a29-fa469c66d5d0","Parlamentarier","Bayerischer Landtag","Markus Blume","CSU","Oberbayern","","https://de.wikipedia.org/wiki/Datei:12-07-17-landtagsprojekt-bayern-RalfR-011.jpg","https://de.wikipedia.org/wiki/Markus_Blume","männlich","MarkusBlume",855232346,2021-02-23 20:23:58,"grenwi",2021-02-23 20:38:11,"admin",""
"d992e750-a77f-4408-a521-4bcd4a327b21","Parlamentarier","Bayerischer Landtag","Martin Böhm","AfD","Oberfranken","","https://de.wikipedia.org/wiki/Datei:2019-10-10-Martin_Boehm_6258.jpg","https://de.wikipedia.org/wiki/Martin_B%C3%B6hm_(Politiker)","männlich","",NA,2021-02-23 20:23:58,"grenwi",2021-02-23 20:38:11,"admin",""
"6d93480b-9730-407f-9571-d9de9d88dacc","Parlamentarier","Bayerischer Landtag","Cemal Bozoglu","GRÜNE","Schwaben","","https://de.wikipedia.org/wiki/Datei:Pressefoto_Cemal_Bozoglu_1.jpg","https://de.wikipedia.org/wiki/Cemal_Bozo%C4%9Flu",NA,NA,NA,NA,NA,2021-02-23 20:38:11,"admin",""
"7c1c73f5-71a4-4f59-8d68-0c5a0b0a0d14","Parlamentarier","Bayerischer Landtag","Robert Brannekämper","CSU","Oberbayern","","https://de.wikipedia.org/wiki/Datei:Robert_Brannek%C3%A4mper.jpg","https://de.wikipedia.org/wiki/Robert_Brannek%C3%A4mper","männlich","brannekamper",839104070396882944,2021-02-23 20:23:58,"grenwi",2021-02-23 20:38:11,"admin",""
"4b7c6c05-210c-4b91-b9a0-a7ada993a91e","Parlamentarier","Bayerischer Landtag","Gudrun Brendel-Fischer","CSU","Oberfranken","","https://de.wikipedia.org/wiki/Datei:20120717_Gudrun_Brendel-Fischer.jpg","https://de.wikipedia.org/wiki/Gudrun_Brendel-Fischer","weiblich","gudrunbrendelf",592710444,2021-02-23 20:23:58,"grenwi",2021-02-23 20:38:11,"admin",""
"56734111-5f9a-432a-9038-d56fe4264ebc","Parlamentarier","Bayerischer Landtag","Florian von Brunn","SPD","Oberbayern","","https://de.wikipedia.org/wiki/Datei:Florian_von_Brunn_5961a.jpg","https://de.wikipedia.org/wiki/Florian_von_Brunn",NA,NA,NA,NA,NA,2021-02-23 20:38:11,"admin",""
"a559cc37-cb72-4d5c-95d1-e397cbb1e740","Parlamentarier","Bayerischer Landtag","Markus Büchler","GRÜNE","Oberbayern","","https://de.wikipedia.org/wiki/Datei:Image_of_none.svg","https://de.wikipedia.org/wiki/Markus_B%C3%BCchler_(Politiker)","männlich","der_buechler",2228653962,2021-02-23 20:23:58,"grenwi",2021-02-23 20:38:11,"admin",""
"55df7fc3-6c8a-4c5d-b2da-47a6dc0ac660","Parlamentarier","Bayerischer Landtag","Michael Busch","SPD","Oberfranken","","https://de.wikipedia.org/wiki/Datei:Image_of_none.svg","https://de.wikipedia.org/wiki/Michael_C._Busch","männlich","MichaelCBusch",157693689,2021-02-23 20:23:58,"grenwi",2021-02-23 20:38:11,"admin",""
"d9f96ccc-30e2-4005-96b6-47504e0cf267","Parlamentarier","Bayerischer Landtag","Kerstin Celina","GRÜNE","Unterfranken","","https://de.wikipedia.org/wiki/Datei:Kerstin_Celina,_MdL.jpg","https://de.wikipedia.org/wiki/Kerstin_Celina","weiblich","KerstinCelina",2385110816,2021-02-23 20:23:58,"grenwi",2021-02-23 20:38:11,"admin",""
"75c0ca04-4607-4c53-b934-193634263a4f","Parlamentarier","Bayerischer Landtag","Anne Cyron","AfD","Oberbayern","","https://de.wikipedia.org/wiki/Datei:Foto_Anne_Cyron.jpg","https://de.wikipedia.org/wiki/Anne_Cyron","weiblich","",NA,2021-02-23 20:23:58,"grenwi",2021-02-23 20:38:11,"admin",""
"3bc10a12-7b9f-4b39-a5c3-137cdf509ef5","Parlamentarier","Bayerischer Landtag","Maximilian Deisenhofer","GRÜNE","Schwaben","","https://de.wikipedia.org/wiki/Datei:Max_Deisenhofer.jpg","https://de.wikipedia.org/wiki/Maximilian_Deisenhofer","männlich","MaxDeisenhofer",555860560,2021-02-23 20:23:58,"grenwi",2021-02-23 20:38:11,"admin",""
"8c482cc5-787b-4316-a130-90d3e97958fc","Parlamentarier","Bayerischer Landtag","Gülseren Demirel","GRÜNE","Oberbayern","","https://de.wikipedia.org/wiki/Datei:Image_of_none.svg","https://de.wikipedia.org/wiki/G%C3%BClseren_Demirel","weiblich","GulserenDemirel",1305640729,2021-02-23 20:23:58,"grenwi",2021-02-23 20:38:11,"admin",""
"a1f9c48f-32b7-4e3b-bd55-a4922381f07b","Parlamentarier","Bayerischer Landtag","Alex Dorow","CSU","Oberbayern","","https://de.wikipedia.org/wiki/Datei:2012-07-18-Alex-Dorow-2.jpg","https://de.wikipedia.org/wiki/Alex_Dorow","männlich","DorowAlex",535427341,2021-02-23 20:23:58,"grenwi",2021-02-23 20:38:11,"admin",""
"45d3e8ed-2c80-4859-90b9-5d57bf2b0392","Parlamentarier","Bayerischer Landtag","Holger Dremel","CSU","Oberfranken","","https://de.wikipedia.org/wiki/Datei:181129_final_MdL_Holger_Dremel_Bild_zur_Verwendung.jpg","https://de.wikipedia.org/wiki/Holger_Dremel","männlich","HolgerDremel",4259146948,2021-02-23 20:23:58,"grenwi",2021-02-23 20:38:11,"admin",""
"cdfd04bd-9b10-4323-86d2-324db68b228c","Parlamentarier","Bayerischer Landtag","Albert Duin","FDP","Oberbayern","","https://de.wikipedia.org/wiki/Datei:Albert-Duin-FDP-Bayern.jpg","https://de.wikipedia.org/wiki/Albert_Duin","männlich","DuinBayern",20976164,2021-02-23 20:23:58,"grenwi",2021-02-23 20:38:11,"admin",""
"91de4569-323a-420a-9abe-633a5c16f559","Parlamentarier","Bayerischer Landtag","Norbert Dünkel","CSU","Mittelfranken","","https://de.wikipedia.org/wiki/Datei:2017-05-18_Norbert_D%C3%BCnkel_1689.JPG","https://de.wikipedia.org/wiki/Norbert_D%C3%BCnkel","männlich","DuenkelNorbert",285127233,2021-02-23 20:23:58,"grenwi",2021-02-23 20:38:11,"admin",""
"fc047e3e-9549-4466-93fe-a984fc02f2e1","Parlamentarier","Bayerischer Landtag","Katrin Ebner-Steiner","AfD","Niederbayern","","https://de.wikipedia.org/wiki/Datei:2018-12-11_Katrin_Ebner-Steiner_AfD_2408.JPG","https://de.wikipedia.org/wiki/Katrin_Ebner-Steiner","weiblich","KEbnerSteiner",703857783951601664,2021-02-23 20:23:58,"grenwi",2021-02-23 20:38:11,"admin",""
"e1978974-b070-4b03-8195-864ee039a0ef","Parlamentarier","Bayerischer Landtag","Gerhard Eck","CSU","Unterfranken","","https://de.wikipedia.org/wiki/Datei:Gerhard_Eck_02.jpg","https://de.wikipedia.org/wiki/Gerhard_Eck","männlich","",NA,2021-02-23 20:23:58,"grenwi",2021-02-23 20:38:11,"admin",""
"f43bdafd-3dbc-4082-8d7d-0ca98aa4c81c","Parlamentarier","Bayerischer Landtag","Manfred Eibl","FW","Niederbayern","","https://de.wikipedia.org/wiki/Datei:2019-02-21_Manfred_Eibl_Freie_Waehler_7478.JPG","https://de.wikipedia.org/wiki/Manfred_Eibl","männlich","EiblMdl",1064149715888033792,2021-02-23 20:23:58,"grenwi",2021-02-23 20:38:11,"admin",""
"8274d927-27e5-46b6-8d2e-9d1ed3b54d79","Parlamentarier","Bayerischer Landtag","Ute Eiling-Hütig","CSU","Oberbayern","","https://de.wikipedia.org/wiki/Datei:2017-01-24_Dr_Ute_Eiling_Huetig_6729.JPG","https://de.wikipedia.org/wiki/Ute_Eiling-H%C3%BCtig","weiblich","",NA,2021-02-23 20:23:58,"grenwi",2021-02-23 20:38:11,"admin",""
"4e0ad9e8-5c48-4283-9688-5c28a0e11256","Parlamentarier","Bayerischer Landtag","Georg Eisenreich","CSU","Oberbayern","","https://de.wikipedia.org/wiki/Datei:8303ri-Georg_Eisenreich.jpg","https://de.wikipedia.org/wiki/Georg_Eisenreich","männlich","",NA,2021-02-23 20:23:58,"grenwi",2021-02-23 20:38:11,"admin",""
"ccf6b888-ed62-45d4-9957-97a0c39bc9ba","Parlamentarier","Bayerischer Landtag","Susann Enders","FW","Oberbayern","","https://de.wikipedia.org/wiki/Datei:Enders-Portrait1a.jpg","https://de.wikipedia.org/wiki/Susann_Enders","weiblich","",NA,2021-02-23 20:23:58,"grenwi",2021-02-23 20:38:11,"admin",""
"d4caec4e-8a62-4bfc-a3b4-b508bbac0a11","Parlamentarier","Bayerischer Landtag","Matthias Enghuber","CSU","Oberbayern","","https://de.wikipedia.org/wiki/Datei:Image_of_none.svg","https://de.wikipedia.org/wiki/Matthias_Enghuber","männlich","MatthiasND",216683999,2021-02-23 20:23:58,"grenwi",2021-02-23 20:38:11,"admin",""
"cc5d534b-9c1a-4041-9672-851e4abf7f3a","Parlamentarier","Bayerischer Landtag","Wolfgang Fackler","CSU","Schwaben","","https://de.wikipedia.org/wiki/Datei:Fackler13.JPG","https://de.wikipedia.org/wiki/Wolfgang_Fackler","männlich","",NA,2021-02-23 20:23:58,"grenwi",2021-02-23 20:38:11,"admin",""
"8d39a764-a8a2-4e4e-a7d6-5801a50903f5","Parlamentarier","Bayerischer Landtag","Hubert Faltermeier","FW","Niederbayern","","https://de.wikipedia.org/wiki/Datei:Image_of_none.svg","https://de.wikipedia.org/wiki/Hubert_Faltermeier","männlich","",NA,2021-02-23 20:23:58,"grenwi",2021-02-23 20:38:11,"admin",""
"6270f149-af75-4f53-adbd-df734875de62","Parlamentarier","Bayerischer Landtag","Martina Fehlner","SPD","Unterfranken","","https://de.wikipedia.org/wiki/Datei:Image_of_none.svg","https://de.wikipedia.org/wiki/Martina_Fehlner","weiblich","",NA,2021-02-23 20:23:58,"grenwi",2021-02-23 20:38:11,"admin",""
"7db47fac-a3ab-495c-8f04-fe1ecd7cd6ed","Parlamentarier","Bayerischer Landtag","Matthias Fischbach","FDP","Mittelfranken","","https://de.wikipedia.org/wiki/Datei:Matthias_Fischbach.jpg","https://de.wikipedia.org/wiki/Matthias_Fischbach","männlich","MMFischbach",519637627,2021-02-23 20:23:58,"grenwi",2021-02-23 20:38:11,"admin",""
"3c0b35eb-7c02-4d48-8db5-cdb84bdb1712","Parlamentarier","Bayerischer Landtag","Alexander Flierl","CSU","Oberpfalz","","https://de.wikipedia.org/wiki/Datei:Image_of_none.svg","https://de.wikipedia.org/wiki/Alexander_Flierl","männlich","",NA,2021-02-23 20:23:58,"grenwi",2021-02-23 20:38:11,"admin",""
"bd28ae1a-9b94-49c1-b732-f410196c889d","Parlamentarier","Bayerischer Landtag","Christian Flisek","SPD","Niederbayern","","https://de.wikipedia.org/wiki/Datei:2014-09-11_-_Christian_Flisek_MdB_-_7696.jpg","https://de.wikipedia.org/wiki/Christian_Flisek","männlich","ChristianFlisek",2469449068,2021-02-23 20:23:58,"grenwi",2021-02-23 20:38:11,"admin",""
"d8971035-0bd7-47a6-8e15-c26364056563","Parlamentarier","Bayerischer Landtag","Anne Franke","GRÜNE","Oberbayern","","https://de.wikipedia.org/wiki/Datei:Anne_Franke.jpg","https://de.wikipedia.org/wiki/Anne_Franke","weiblich","AnFRanke",260330320,2021-02-23 20:23:58,"grenwi",2021-02-23 20:38:11,"admin",""
"3d38f7e0-88da-4c36-a4ba-baba8518ac64","Parlamentarier","Bayerischer Landtag","Karl Freller","CSU","Mittelfranken","","https://de.wikipedia.org/wiki/Datei:7978ri-Karl_Freller.jpg","https://de.wikipedia.org/wiki/Karl_Freller","männlich","KarlFreller",572483093,2021-02-23 20:23:58,"grenwi",2021-02-23 20:38:11,"admin",""
"40f3ca3e-af4e-4221-8a87-ad879cfa8855","Parlamentarier","Bayerischer Landtag","Hans Friedl","FW","Oberbayern","","https://de.wikipedia.org/wiki/Datei:Image_of_none.svg","https://de.wikipedia.org/wiki/Hans_Friedl","männlich","",NA,2021-02-23 20:23:58,"grenwi",2021-02-23 20:38:11,"admin",""
"f3ed9ccb-b28e-46a6-a20d-d70e505f78bf","Parlamentarier","Bayerischer Landtag","Patrick Friedl","GRÜNE","Unterfranken","","https://de.wikipedia.org/wiki/Datei:Image_of_none.svg","https://de.wikipedia.org/wiki/Patrick_Friedl","männlich","PatrickFriedl",25901850,2021-02-23 20:23:58,"grenwi",2021-02-23 20:38:11,"admin",""
"7a2ccf71-2b92-460f-9b8f-9d88464c6ec4","Parlamentarier","Bayerischer Landtag","Barbara Fuchs","GRÜNE","Mittelfranken","","https://de.wikipedia.org/wiki/Datei:Barbara_Fuchs,_MdL_Bayern.jpg","https://de.wikipedia.org/wiki/Barbara_Fuchs","weiblich","BafuchsFuchs",705792946440937472,2021-02-23 20:23:58,"grenwi",2021-02-23 20:38:11,"admin",""
"30ec0e9a-1790-4340-a95c-4d48f93922a5","Parlamentarier","Bayerischer Landtag","Albert Füracker","CSU","Oberpfalz","","https://de.wikipedia.org/wiki/Datei:7915ri-Albert_Fueracker.jpg","https://de.wikipedia.org/wiki/Albert_F%C3%BCracker","männlich","",NA,2021-02-23 20:23:58,"grenwi",2021-02-23 20:38:11,"admin",""
"cbfeae81-9f79-42d4-ace1-7deb4f265aa3","Parlamentarier","Bayerischer Landtag","Tessa Ganserer","GRÜNE","Mittelfranken","","https://de.wikipedia.org/wiki/Datei:2019-01-14_Tessa_Ganserer_4725.jpg","https://de.wikipedia.org/wiki/Tessa_Ganserer","weiblich","GansGruen",41365109,2021-02-23 20:23:58,"grenwi",2021-02-23 20:38:11,"admin",""
"f61226bb-f793-42e3-a302-621fa381cd51","Parlamentarier","Bayerischer Landtag","Thomas Gehring","GRÜNE","Schwaben","","https://de.wikipedia.org/wiki/Datei:2012-07-18-Thomas-Gehring-4.jpg","https://de.wikipedia.org/wiki/Thomas_Gehring_(Politiker)","männlich","Thomas_Gehring_",725238157722173440,2021-02-23 20:23:58,"grenwi",2021-02-23 20:38:11,"admin",""
"90015206-5af6-42fe-990f-64d6c4fe4b29","Parlamentarier","Bayerischer Landtag","Judith Gerlach","CSU","Unterfranken","","https://de.wikipedia.org/wiki/Datei:2020-03-11_Judith_Gerlach_2041.jpg","https://de.wikipedia.org/wiki/Judith_Gerlach","weiblich","gerlach_judith",1062589095845728256,2021-02-23 20:23:58,"grenwi",2021-02-23 20:38:11,"admin",""
"11450aac-d08c-4b55-92ea-953dddc8d488","Parlamentarier","Bayerischer Landtag","Max Gibis","CSU","Niederbayern","","https://de.wikipedia.org/wiki/Datei:Max_Gibis_Pressefoto_.jpg","https://de.wikipedia.org/wiki/Max_Gibis","männlich","",NA,2021-02-23 20:23:58,"grenwi",2021-02-23 20:38:11,"admin",""
"8586b595-cf0c-4b86-9a9c-7b3319cc349e","Parlamentarier","Bayerischer Landtag","Thorsten Glauber","FW","Oberfranken","","https://de.wikipedia.org/wiki/Datei:GlauberThorsten_2015.jpg","https://de.wikipedia.org/wiki/Thorsten_Glauber","männlich","ThorstenGlauber",756933821371654144,2021-02-23 20:23:58,"grenwi",2021-02-23 20:38:11,"admin",""
"d5a66249-129f-44d3-9c4e-15a98fc37138","Parlamentarier","Bayerischer Landtag","Tobias Gotthardt","FW","Oberpfalz","","https://de.wikipedia.org/wiki/Datei:Image_of_none.svg","https://de.wikipedia.org/wiki/Tobias_Gotthardt","männlich","TobiGotthardt",1084928653518098432,2021-02-23 20:23:58,"grenwi",2021-02-23 20:38:11,"admin",""
"c661b671-6c42-4710-b74e-d57fd19bc7c9","Parlamentarier","Bayerischer Landtag","Eva Gottstein","FW","Oberbayern","","https://de.wikipedia.org/wiki/Datei:Gottstein_Portr%C3%A4t.png","https://de.wikipedia.org/wiki/Eva_Gottstein","weiblich","",NA,2021-02-23 20:23:58,"grenwi",2021-02-23 20:38:11,"admin",""
"6e9d06b9-f36e-48d1-b30f-8f94da3c1625","Parlamentarier","Bayerischer Landtag","Richard Graupner","AfD","Unterfranken","","https://de.wikipedia.org/wiki/Datei:Image_of_none.svg","https://de.wikipedia.org/wiki/Richard_Graupner","männlich","RichardGraupner",3842651715,2021-02-23 20:23:58,"grenwi",2021-02-23 20:38:11,"admin",""
"e2986472-a412-413d-912d-d759bbb076e8","Parlamentarier","Bayerischer Landtag","Alfred Grob","CSU","Oberbayern","","https://de.wikipedia.org/wiki/Datei:Image_of_none.svg","https://de.wikipedia.org/wiki/Alfred_Grob","männlich","",NA,2021-02-23 20:23:58,"grenwi",2021-02-23 20:38:11,"admin",""
"8027fa4e-666e-4bd7-bbef-0dece14756a0","Parlamentarier","Bayerischer Landtag","Harald Güller","SPD","Schwaben","","https://de.wikipedia.org/wiki/Datei:7909ri-Harald_Gueller.jpg","https://de.wikipedia.org/wiki/Harald_G%C3%BCller","männlich","",NA,2021-02-23 20:23:58,"grenwi",2021-02-23 20:38:11,"admin",""
"e7229ac7-0316-455f-b599-c2b87b597a50","Parlamentarier","Bayerischer Landtag","Petra Guttenberger","CSU","Mittelfranken","","https://de.wikipedia.org/wiki/Datei:8154ri-Petra_Guttenberger.jpg","https://de.wikipedia.org/wiki/Petra_Guttenberger","weiblich","GuttenbergerMdL",66718094,2021-02-23 20:23:58,"grenwi",2021-02-23 20:38:11,"admin",""
"b2fa72e0-24cd-4c77-9ad8-a07ec5684ba7","Parlamentarier","Bayerischer Landtag","Martin Hagen","FDP","Oberbayern","","https://de.wikipedia.org/wiki/Datei:Martin_Hagen_.jpg","https://de.wikipedia.org/wiki/Martin_Hagen_(Politiker,_1981)","männlich","realMartinHagen",819481318224523264,2021-02-23 20:23:58,"grenwi",2021-02-23 20:38:11,"admin",""
"ab0a17a5-3a9b-474e-86e7-e8b1f1fc806a","Parlamentarier","Bayerischer Landtag","Ingo Hahn","AfD","Oberbayern","","https://de.wikipedia.org/wiki/Datei:Image_of_none.svg","https://de.wikipedia.org/wiki/Ingo_Hahn","männlich","IngoHahnAfD",1110460373407334400,2021-02-23 20:23:58,"grenwi",2021-02-23 20:38:11,"admin",""
"16427a1e-0ba8-4bdd-ade0-c81287ee3627","Parlamentarier","Bayerischer Landtag","Volkmar Halbleib","SPD","Unterfranken","","https://de.wikipedia.org/wiki/Datei:8256ri-Volkmar_Halbleib.jpg","https://de.wikipedia.org/wiki/Volkmar_Halbleib","männlich","",NA,2021-02-23 20:23:58,"grenwi",2021-02-23 20:38:11,"admin",""
"d8bbd0d0-53b0-4b16-89e4-04fb58329dbf","Parlamentarier","Bayerischer Landtag","Joachim Hanisch","FW","Oberpfalz","","https://de.wikipedia.org/wiki/Datei:7936ri-Joachim_Hanisch.jpg","https://de.wikipedia.org/wiki/Joachim_Hanisch","männlich","JoachimHanisch",1119798978,2021-02-23 20:23:58,"grenwi",2021-02-23 20:38:11,"admin",""
"7d897c97-e609-46dc-937d-2b36a1b24bf6","Parlamentarier","Bayerischer Landtag","Ludwig Hartmann","GRÜNE","Oberbayern","","https://de.wikipedia.org/wiki/Datei:Ludwig_Hartmann_2013.jpg","https://de.wikipedia.org/wiki/Ludwig_Hartmann_(Politiker,_1978)","männlich","LudwigHartmann",417151607,2021-02-23 20:23:58,"grenwi",2021-02-23 20:38:11,"admin",""
"e0656efb-fe36-47a9-8c78-67e5da7ee0b0","Parlamentarier","Bayerischer Landtag","Wolfgang Hauber","FW","Mittelfranken","","https://de.wikipedia.org/wiki/Datei:Image_of_none.svg","https://de.wikipedia.org/wiki/Wolfgang_Hauber","männlich","HauberHauwei",1949928570,2021-02-23 20:23:58,"grenwi",2021-02-23 20:38:11,"admin",""
"108dea21-ecaa-48f1-b900-98af1ce26f54","Parlamentarier","Bayerischer Landtag","Christina Haubrich","GRÜNE","Schwaben","","https://de.wikipedia.org/wiki/Datei:Image_of_none.svg","https://de.wikipedia.org/wiki/Christina_Haubrich","weiblich","Ch_Haubrich",1067706208868544512,2021-02-23 20:23:58,"grenwi",2021-02-23 20:38:11,"admin",""
"2aa77512-5fad-44c5-9dc3-4d41ebdaf0a5","Parlamentarier","Bayerischer Landtag","Johann Häusler","FW","Schwaben","","https://de.wikipedia.org/wiki/Datei:Image_of_none.svg","https://de.wikipedia.org/wiki/Johann_H%C3%A4usler","männlich","",NA,2021-02-23 20:23:58,"grenwi",2021-02-23 20:38:11,"admin",""
"0216c785-e39d-47d7-b014-256ef5c77102","Parlamentarier","Bayerischer Landtag","Uli Henkel","AfD","Oberbayern","","https://de.wikipedia.org/wiki/Datei:Image_of_none.svg","https://de.wikipedia.org/wiki/Uli_Henkel","männlich","",NA,2021-02-23 20:23:58,"grenwi",2021-02-23 20:38:11,"admin",""
"43f710d2-e4ab-4f22-9d86-f064134c239e","Parlamentarier","Bayerischer Landtag","Hans Herold","CSU","Mittelfranken","","https://de.wikipedia.org/wiki/Datei:8121ri-Hans_Herold.jpg","https://de.wikipedia.org/wiki/Hans_Herold_(Politiker)","männlich","",NA,2021-02-23 20:23:58,"grenwi",2021-02-23 20:38:11,"admin",""
"f54abe58-0e5b-449d-87ab-2ba0fde83f86","Parlamentarier","Bayerischer Landtag","Florian Herrmann","CSU","Oberbayern","","https://de.wikipedia.org/wiki/Datei:Florian_Herrmann.jpg","https://de.wikipedia.org/wiki/Florian_Herrmann","männlich","fwhfreising",39849307,2021-02-23 20:23:58,"grenwi",2021-02-23 20:38:11,"admin",""
"1cc4f7f2-c1c8-4ab2-88f4-c860563a0880","Parlamentarier","Bayerischer Landtag","Joachim Herrmann","CSU","Mittelfranken","","https://de.wikipedia.org/wiki/Datei:7830ri-Joachim_Herrmann.jpg","https://de.wikipedia.org/wiki/Joachim_Herrmann_(Politiker,_1956)","männlich","",NA,2021-02-23 20:23:58,"grenwi",2021-02-23 20:38:11,"admin",""
"7cfbb530-32bd-41d1-92fb-38cbf492dc31","Parlamentarier","Bayerischer Landtag","Leopold Herz","FW","Schwaben","","https://de.wikipedia.org/wiki/Datei:8033ri-Leopold_Herz.jpg","https://de.wikipedia.org/wiki/Leopold_Herz","männlich","",NA,2021-02-23 20:23:58,"grenwi",2021-02-23 20:38:11,"admin",""
"8c2c5482-5e7e-4f69-81ec-1ed00c5c914a","Parlamentarier","Bayerischer Landtag","Wolfgang Heubisch","FDP","Oberbayern","","https://de.wikipedia.org/wiki/Datei:Wolfgang_Heubisch_01.jpg","https://de.wikipedia.org/wiki/Wolfgang_Heubisch","männlich","w_heubisch",95671546,2021-02-23 20:23:58,"grenwi",2021-02-23 20:38:11,"admin",""
"d978c137-5083-49e5-b3d1-78ca70658c78","Parlamentarier","Bayerischer Landtag","Christian Hierneis","GRÜNE","Oberbayern","","https://de.wikipedia.org/wiki/Datei:Image_of_none.svg","https://de.wikipedia.org/wiki/Christian_Hierneis","männlich","Chierneis",836534115981803520,2021-02-23 20:23:58,"grenwi",2021-02-23 20:38:11,"admin",""
"09e14136-c304-4d83-aa56-1ad39c1a1230","Parlamentarier","Bayerischer Landtag","Alexandra Hiersemann","SPD","Mittelfranken","","https://de.wikipedia.org/wiki/Datei:Image_of_none.svg","https://de.wikipedia.org/wiki/Alexandra_Hiersemann","weiblich","Alexand26298982",990305861607264256,2021-02-23 20:23:58,"grenwi",2021-02-23 20:38:11,"admin",""
"c55c8f27-f97f-4932-ad19-404d3fdabf4f","Parlamentarier","Bayerischer Landtag","Johannes Hintersberger","CSU","Schwaben","","https://de.wikipedia.org/wiki/Datei:Hintersberger_LT-Wahl_2013.jpg","https://de.wikipedia.org/wiki/Johannes_Hintersberger","männlich","Hintersberger",461418417,2021-02-23 20:23:58,"grenwi",2021-02-23 20:38:11,"admin",""
"e9042606-89fb-4ba5-be37-0507924e357d","Parlamentarier","Bayerischer Landtag","Michael Hofmann","CSU","Oberfranken","","https://de.wikipedia.org/wiki/Datei:Image_of_none.svg","https://de.wikipedia.org/wiki/Michael_Hofmann_(Politiker)","männlich","",NA,2021-02-23 20:23:58,"grenwi",2021-02-23 20:38:11,"admin",""
"21e22521-6362-4151-b8f7-ec30fcc497d3","Parlamentarier","Bayerischer Landtag","Petra Högl","CSU","Niederbayern","","https://de.wikipedia.org/wiki/Datei:Image_of_none.svg","https://de.wikipedia.org/wiki/Petra_H%C3%B6gl","weiblich","",NA,2021-02-23 20:23:58,"grenwi",2021-02-23 20:38:11,"admin",""
"6a0930c5-4b40-4c87-9a29-25a79e622acb","Parlamentarier","Bayerischer Landtag","Alexander Hold","FW","Schwaben","","https://de.wikipedia.org/wiki/Datei:Image_of_none.svg","https://de.wikipedia.org/wiki/Alexander_Hold","männlich","",NA,2021-02-23 20:23:58,"grenwi",2021-02-23 20:38:11,"admin",""
"ecfb1a62-8004-480c-ac38-2091b33604a2","Parlamentarier","Bayerischer Landtag","Klaus Holetschek","CSU","Schwaben","","https://de.wikipedia.org/wiki/Datei:Klaus_Holetschek_2015-10-03_(cropped).jpg","https://de.wikipedia.org/wiki/Klaus_Holetschek","männlich","",NA,2021-02-23 20:23:58,"grenwi",2021-02-23 20:38:11,"admin",""
"a55cef5c-f5d2-489e-aca5-2dc92905cb2b","Parlamentarier","Bayerischer Landtag","Gerhard Hopp","CSU","Oberpfalz","","https://de.wikipedia.org/wiki/Datei:140408_Rede_Plenum_Jugendarbeit.JPG","https://de.wikipedia.org/wiki/Gerhard_Hopp","männlich","Gertinger",38139548,2021-02-23 20:23:58,"grenwi",2021-02-23 20:38:11,"admin",""
"cc58d382-847f-4009-8ac0-7ca353e523ab","Parlamentarier","Bayerischer Landtag","Marcel Huber","CSU","Oberbayern","","https://de.wikipedia.org/wiki/Datei:20120717_Marcel_Huber.jpg","https://de.wikipedia.org/wiki/Marcel_Huber","männlich","MdLHuber",3126548512,2021-02-23 20:23:58,"grenwi",2021-02-23 20:38:11,"admin",""
"caf9fd35-8272-41da-b2ef-0f0e7abeb034","Parlamentarier","Bayerischer Landtag","Martin Huber","CSU","Oberbayern","","https://de.wikipedia.org/wiki/Datei:2019-02-21_Dr_Martin_Huber_CSU_7685.jpg","https://de.wikipedia.org/wiki/Martin_Huber_(Politiker,_1977)","männlich","",NA,2021-02-23 20:23:58,"grenwi",2021-02-23 20:38:11,"admin",""
"e40f4d24-ed32-4a5f-89ee-1854548bcdc0","Parlamentarier","Bayerischer Landtag","Thomas Huber","CSU","Oberbayern","","https://de.wikipedia.org/wiki/Datei:Thomas_Huber_2015.JPG","https://de.wikipedia.org/wiki/Thomas_Huber_(Politiker)","männlich","huber_ebe",56507365,2021-02-23 20:23:58,"grenwi",2021-02-23 20:38:11,"admin",""
"10c86d6a-3bc6-49da-8798-f4676ffb64c1","Parlamentarier","Bayerischer Landtag","Melanie Huml","CSU","Oberfranken","","https://de.wikipedia.org/wiki/Datei:MelanieHuml.JPG","https://de.wikipedia.org/wiki/Melanie_Huml","weiblich","MelanieHuml",1635185664,2021-02-23 20:23:58,"grenwi",2021-02-23 20:38:11,"admin",""
"94a740ad-a3be-43db-9b05-96586a10335f","Parlamentarier","Bayerischer Landtag","Andreas Jäckel","CSU","Schwaben","","https://de.wikipedia.org/wiki/Datei:Image_of_none.svg","https://de.wikipedia.org/wiki/Andreas_J%C3%A4ckel","männlich","",NA,2021-02-23 20:23:58,"grenwi",2021-02-23 20:38:11,"admin",""
"ecc2b02a-2880-4331-b26f-6dfe03527799","Parlamentarier","Bayerischer Landtag","Helmut Kaltenhauser","FDP","Unterfranken","","https://de.wikipedia.org/wiki/Datei:Dr._Helmut_Kaltenhauser_.jpg","https://de.wikipedia.org/wiki/Helmut_Kaltenhauser","männlich","",NA,2021-02-23 20:23:58,"grenwi",2021-02-23 20:38:11,"admin",""
"63c487b9-67bd-4dfb-b76e-15b4db9cde4c","Parlamentarier","Bayerischer Landtag","Michaela Kaniber","CSU","Oberbayern","","https://de.wikipedia.org/wiki/Datei:Michaela_Kaniber,_CSU_at_Prien.jpg","https://de.wikipedia.org/wiki/Michaela_Kaniber","weiblich","",NA,2021-02-23 20:23:58,"grenwi",2021-02-23 20:38:11,"admin",""
"e3db9f60-8f0e-4475-a8c4-bff85bc827f8","Parlamentarier","Bayerischer Landtag","Annette Karl","SPD","Oberpfalz","","https://de.wikipedia.org/wiki/Datei:7873ri-Annette_Karl.jpg","https://de.wikipedia.org/wiki/Annette_Karl","weiblich","presse_mdlkarl",26711312,2021-02-23 20:23:58,"grenwi",2021-02-23 20:38:11,"admin",""
"f31f81b0-8044-4c36-aed3-fb86b98961d5","Parlamentarier","Bayerischer Landtag","Sandro Kirchner","CSU","Unterfranken","","https://de.wikipedia.org/wiki/Datei:Sandro_Kirchner_2013.JPG","https://de.wikipedia.org/wiki/Sandro_Kirchner","männlich","",NA,2021-02-23 20:23:58,"grenwi",2021-02-23 20:38:11,"admin",""
"1452ad95-eb5a-44b0-96f8-cf7e46fc6dd7","Parlamentarier","Bayerischer Landtag","Christian Klingen","AfD","Unterfranken","","https://de.wikipedia.org/wiki/Datei:Image_of_none.svg","https://de.wikipedia.org/wiki/Christian_Klingen","männlich","",NA,2021-02-23 20:23:58,"grenwi",2021-02-23 20:38:11,"admin",""
"0997c17c-1e93-47ac-96ec-1c126807b939","Parlamentarier","Bayerischer Landtag","Paul Knoblach","GRÜNE","Unterfranken","","https://de.wikipedia.org/wiki/Datei:Paul_Knoblach_(2018-2).jpg","https://de.wikipedia.org/wiki/Paul_Knoblach","männlich","",NA,2021-02-23 20:23:58,"grenwi",2021-02-23 20:38:11,"admin",""
"ae6e2a4d-e672-4151-b0b6-38419aae5376","Parlamentarier","Bayerischer Landtag","Jochen Kohler","CSU","Mittelfranken","","https://de.wikipedia.org/wiki/Datei:Image_of_none.svg","https://de.wikipedia.org/wiki/Jochen_Kohler","männlich","KohlerJochen",399257453,2021-02-23 20:23:58,"grenwi",2021-02-23 20:38:11,"admin",""
"7d04ea64-205b-4145-af6f-27a4658a3407","Parlamentarier","Bayerischer Landtag","Alexander König","CSU","Oberfranken","","https://de.wikipedia.org/wiki/Datei:7923ri-Alexander_Koenig.jpg","https://de.wikipedia.org/wiki/Alexander_K%C3%B6nig_(Politiker)","männlich","AlexKoenigMdL",391911523,2021-02-23 20:23:58,"grenwi",2021-02-23 20:38:11,"admin",""
"b64d7350-dd95-4c49-86d7-24f5277bf66c","Parlamentarier","Bayerischer Landtag","Claudia Köhler","GRÜNE","Oberbayern","","https://de.wikipedia.org/wiki/Datei:Image_of_none.svg","https://de.wikipedia.org/wiki/Claudia_K%C3%B6hler_(Politikerin)","weiblich","KoehlerClaudia7",1039211377624313856,2021-02-23 20:23:58,"grenwi",2021-02-23 20:38:11,"admin",""
"17a6f158-dfad-4814-9cb5-a62e7f83407c","Parlamentarier","Bayerischer Landtag","Natascha Kohnen","SPD","Oberbayern","","https://de.wikipedia.org/wiki/Datei:MJK_19254_Natascha_Kohnen_(SPD-Bundesparteitag_2018).jpg","https://de.wikipedia.org/wiki/Natascha_Kohnen","weiblich","NataschaKohnen",4702631395,2021-02-23 20:23:58,"grenwi",2021-02-23 20:38:11,"admin",""
"c71220b9-8341-445c-89e9-3e8aa114e173","Parlamentarier","Bayerischer Landtag","Sebastian Körber","FDP","Oberfranken","","https://de.wikipedia.org/wiki/Datei:Sebastian_Koerber_laptbayern.jpg","https://de.wikipedia.org/wiki/Sebastian_K%C3%B6rber_(Politiker)","männlich","S_Koerber_MdL",64515042,2021-02-23 20:23:58,"grenwi",2021-02-23 20:38:11,"admin",""
"07a6eaf0-404e-4930-a5f8-852f0544fd89","Parlamentarier","Bayerischer Landtag","Andreas Krahl","GRÜNE","Oberbayern","","https://de.wikipedia.org/wiki/Datei:Image_of_none.svg","https://de.wikipedia.org/wiki/Andreas_Krahl","männlich","AndreasKrahl1",876100980554772480,2021-02-23 20:23:58,"grenwi",2021-02-23 20:38:11,"admin",""
"1451c73b-72a1-473e-88d1-ba3e7301a3d8","Parlamentarier","Bayerischer Landtag","Nikolaus Kraus","FW","Oberbayern","","https://de.wikipedia.org/wiki/Datei:Image_of_none.svg","https://de.wikipedia.org/wiki/Nikolaus_Kraus_(Politiker)","männlich","",NA,2021-02-23 20:23:58,"grenwi",2021-02-23 20:38:11,"admin",""
"dd0d5b7d-65a4-4061-b719-e086654444db","Parlamentarier","Bayerischer Landtag","Thomas Kreuzer","CSU","Schwaben","","https://de.wikipedia.org/wiki/Datei:7801ri-Thomas_Kreuzer.jpg","https://de.wikipedia.org/wiki/Thomas_Kreuzer_(Politiker)","männlich","",NA,2021-02-23 20:23:58,"grenwi",2021-02-23 20:38:11,"admin",""
"0c9f1273-8b53-41da-9ea5-b3a2201534eb","Parlamentarier","Bayerischer Landtag","Harald Kühn","CSU","Oberbayern","","https://de.wikipedia.org/wiki/Datei:Image_of_none.svg","https://de.wikipedia.org/wiki/Harald_K%C3%BChn_(Politiker)","männlich","",NA,2021-02-23 20:23:58,"grenwi",2021-02-23 20:38:11,"admin",""
"b4e8d5b3-341a-4fbf-af55-dca063f59026","Parlamentarier","Bayerischer Landtag","Susanne Kurz","GRÜNE","Oberbayern","","https://de.wikipedia.org/wiki/Datei:Susanne_(Sanne)_Kurz.jpg","https://de.wikipedia.org/wiki/Sanne_Kurz","weiblich","",NA,2021-02-23 20:23:58,"grenwi",2021-02-23 20:38:11,"admin",""
"386f53aa-cebc-474a-a8cd-74db0251a201","Parlamentarier","Bayerischer Landtag","Manfred Ländner","CSU","Unterfranken","","https://de.wikipedia.org/wiki/Datei:Image_of_none.svg","https://de.wikipedia.org/wiki/Manfred_L%C3%A4ndner","männlich","",NA,2021-02-23 20:23:58,"grenwi",2021-02-23 20:38:11,"admin",""
"74ee5dd3-8514-42a9-b207-2e77547abf64","Parlamentarier","Bayerischer Landtag","Otto Lederer","CSU","Oberbayern","","https://de.wikipedia.org/wiki/Datei:Image_of_none.svg","https://de.wikipedia.org/wiki/Otto_Lederer_(Politiker)","männlich","",NA,2021-02-23 20:23:58,"grenwi",2021-02-23 20:38:11,"admin",""
"233d3613-e670-4407-a287-4975a798d0f5","Parlamentarier","Bayerischer Landtag","Eva Lettenbauer","GRÜNE","Schwaben","","https://de.wikipedia.org/wiki/Datei:Eva_Lettenbauer_3749.jpg","https://de.wikipedia.org/wiki/Eva_Lettenbauer","weiblich","EvaLettenbauer",1712753864,2021-02-23 20:23:58,"grenwi",2021-02-23 20:38:11,"admin",""
"ff02a716-3013-4750-8de1-5061dfa06783","Parlamentarier","Bayerischer Landtag","Petra Loibl","CSU","Niederbayern","","https://de.wikipedia.org/wiki/Datei:Image_of_none.svg","https://de.wikipedia.org/wiki/Petra_Loibl","weiblich","",NA,2021-02-23 20:23:58,"grenwi",2021-02-23 20:38:11,"admin",""
"8d0375c2-6c23-44ad-a1cb-87da7ac55f40","Parlamentarier","Bayerischer Landtag","Stefan Löw","AfD","Oberpfalz","","","https://de.wikipedia.org/wiki/Stefan_L%C3%B6w","männlich","",NA,2021-02-23 20:23:58,"grenwi",2021-02-23 20:38:11,"admin",""
"c265505a-f6d5-4457-8a8a-e4424897aa08","Parlamentarier","Bayerischer Landtag","Rainer Ludwig","FW","Oberfranken","","https://de.wikipedia.org/wiki/Datei:Image_of_none.svg","https://de.wikipedia.org/wiki/Rainer_Ludwig","männlich","",NA,2021-02-23 20:23:58,"grenwi",2021-02-23 20:38:11,"admin",""
"7c1fca12-8aa2-42fb-8b1e-cca2d406d27c","Parlamentarier","Bayerischer Landtag","Roland Magerl","AfD","Oberpfalz","","https://de.wikipedia.org/wiki/Datei:Image_of_none.svg","https://de.wikipedia.org/wiki/Roland_Magerl","männlich","Roland_Magerl",1101389056070615040,2021-02-23 20:23:58,"grenwi",2021-02-23 20:38:11,"admin",""
"a62c4786-2d57-4218-a4c5-2d3d3e83bfc7","Parlamentarier","Bayerischer Landtag","Christoph Maier","AfD","Schwaben","","https://de.wikipedia.org/wiki/Datei:Image_of_none.svg","https://de.wikipedia.org/wiki/Christoph_Maier_(Politiker,_1984)","männlich","MdLMaier",1122160535661961216,2021-02-23 20:23:58,"grenwi",2021-02-23 20:38:11,"admin",""
"89e8b968-df54-4567-99d4-232fa0e57d0e","Parlamentarier","Bayerischer Landtag","Ferdinand Mang","AfD","Mittelfranken","","https://de.wikipedia.org/wiki/Datei:Image_of_none.svg","https://de.wikipedia.org/wiki/Ferdinand_Mang","männlich","",NA,2021-02-23 20:23:58,"grenwi",2021-02-23 20:38:11,"admin",""
"63cb33f7-55dc-495d-a7cb-df0d4606eb0a","Parlamentarier","Bayerischer Landtag","Gerd Mannes","AfD","Schwaben","","https://de.wikipedia.org/wiki/Datei:Snapshot6_-_Kopie.jpg","https://de.wikipedia.org/wiki/Gerd_Mannes","männlich","GerdMannesAfD",983697909270155264,2021-02-23 20:23:58,"grenwi",2021-02-23 20:38:11,"admin",""
"4ea9a504-0ab6-4f6e-a641-84cc7944c3e6","Parlamentarier","Bayerischer Landtag","Helmut Markwort","FDP","Oberbayern","","https://de.wikipedia.org/wiki/Datei:Helmut-Markwort_Focus.JPG","https://de.wikipedia.org/wiki/Helmut_Markwort","männlich","",NA,2021-02-23 20:23:58,"grenwi",2021-02-23 20:38:11,"admin",""
"ddd40ee8-77f4-4c10-adb4-31113c4cdc92","Parlamentarier","Bayerischer Landtag","Fabian Mehring","FW","Schwaben","","https://de.wikipedia.org/wiki/Datei:Dr._Fabian_Mehring,_MdL.jpg","https://de.wikipedia.org/wiki/Fabian_Mehring","männlich","fabianmehring",1173704882269896704,2021-02-23 20:23:58,"grenwi",2021-02-23 20:38:11,"admin",""
"39d39d8b-fb4e-45c6-a361-20903984140e","Parlamentarier","Bayerischer Landtag","Beate Merk","CSU","Schwaben","","https://de.wikipedia.org/wiki/Datei:Beate_Merk_2012_-_RalfR.jpg","https://de.wikipedia.org/wiki/Beate_Merk","weiblich","BeateMerk1",820648637566947328,2021-02-23 20:23:58,"grenwi",2021-02-23 20:38:11,"admin",""
"92400468-6b21-4976-b8b8-e00ab526d4eb","Parlamentarier","Bayerischer Landtag","Benjamin Miskowitsch","CSU","Oberbayern","","https://de.wikipedia.org/wiki/Datei:Image_of_none.svg","https://de.wikipedia.org/wiki/Benjamin_Miskowitsch","männlich","Bmiskowitsch",200512312,2021-02-23 20:23:58,"grenwi",2021-02-23 20:38:11,"admin",""
"ec804cf9-49a7-402c-9e95-537c8b199f4f","Parlamentarier","Bayerischer Landtag","Jürgen Mistol","GRÜNE","Oberpfalz","","https://de.wikipedia.org/wiki/Datei:2013-12-04_Juergen_Mistol_255.jpg","https://de.wikipedia.org/wiki/J%C3%BCrgen_Mistol","männlich","JuergenMistol",748111186781155328,2021-02-23 20:23:58,"grenwi",2021-02-23 20:38:11,"admin",""
"d9e6a9ce-96c9-47c9-9891-0349ecf94f9b","Parlamentarier","Bayerischer Landtag","Martin Mittag","CSU","Oberfranken","","https://de.wikipedia.org/wiki/Datei:Image_of_none.svg","https://de.wikipedia.org/wiki/Martin_Mittag","männlich","",NA,2021-02-23 20:23:58,"grenwi",2021-02-23 20:38:11,"admin",""
"ad59ef44-5acc-4f01-92cd-23a929c58c8b","Parlamentarier","Bayerischer Landtag","Hep Monatzeder","GRÜNE","Oberbayern","","https://de.wikipedia.org/wiki/Datei:HepMonatzeder.jpg","https://de.wikipedia.org/wiki/Josef_Monatzeder","männlich","",NA,2021-02-23 20:23:58,"grenwi",2021-02-23 20:38:11,"admin",""
"166daafd-1805-4490-af16-f4983f6b8763","Parlamentarier","Bayerischer Landtag","Ralph Müller","AfD","Mittelfranken","","https://de.wikipedia.org/wiki/Datei:Image_of_none.svg","https://de.wikipedia.org/wiki/Ralph_M%C3%BCller","männlich","",NA,2021-02-23 20:23:58,"grenwi",2021-02-23 20:38:11,"admin",""
"1032fc22-d8ae-4f4a-96f3-cfd7211121f3","Parlamentarier","Bayerischer Landtag","Ruth Müller","SPD","Niederbayern","","https://de.wikipedia.org/wiki/Datei:2013-12-11-Ruth_Mueller_0870-1700.jpg","https://de.wikipedia.org/wiki/Ruth_M%C3%BCller_(Politikerin)","weiblich","RuthMuellerSPD",NA,2021-02-23 20:23:58,"grenwi",2021-02-23 20:38:11,"admin",""
"b31323ea-af41-47c3-a354-018bd8abb6c9","Parlamentarier","Bayerischer Landtag","Alexander Muthmann","FDP","Niederbayern","","https://de.wikipedia.org/wiki/Datei:Alexander_Muthmann.jpg","https://de.wikipedia.org/wiki/Alexander_Muthmann","männlich","",NA,2021-02-23 20:23:58,"grenwi",2021-02-23 20:38:11,"admin",""
"e361fc1d-b031-4455-a317-57dd31a146cf","Parlamentarier","Bayerischer Landtag","Walter Nussel","CSU","Mittelfranken","","https://de.wikipedia.org/wiki/Datei:Image_of_none.svg","https://de.wikipedia.org/wiki/Walter_Nussel","männlich","",NA,2021-02-23 20:23:58,"grenwi",2021-02-23 20:38:11,"admin",""
"34709d99-2ad6-4678-9b37-613d5ec47331","Parlamentarier","Bayerischer Landtag","Stephan Oetzinger","CSU","Oberpfalz","","https://de.wikipedia.org/wiki/Datei:Image_of_none.svg","https://de.wikipedia.org/wiki/Stephan_Oetzinger","männlich","",NA,2021-02-23 20:23:58,"grenwi",2021-02-23 20:38:11,"admin",""
"9c6c2656-5b31-4792-b4b4-db6f48b025fc","Parlamentarier","Bayerischer Landtag","Verena Osgyan","GRÜNE","Mittelfranken","","https://de.wikipedia.org/wiki/Datei:Verena_Osgyan.jpg","https://de.wikipedia.org/wiki/Verena_Osgyan","weiblich","Osgyan",78553121,2021-02-23 20:23:58,"grenwi",2021-02-23 20:38:11,"admin",""
"825f6774-eaf9-4906-a6a4-208287284184","Parlamentarier","Bayerischer Landtag","Tim Pargent","GRÜNE","Oberfranken","","https://de.wikipedia.org/wiki/Datei:PargentTim-01.jpg","https://de.wikipedia.org/wiki/Tim_Pargent","männlich","",NA,2021-02-23 20:23:58,"grenwi",2021-02-23 20:38:11,"admin",""
"43da90f3-1bf7-4a0d-9e9f-9f471344fe0d","Parlamentarier","Bayerischer Landtag","Michael Piazolo","FW","Oberbayern","","https://de.wikipedia.org/wiki/Datei:2016-02-02_BYL_Aktuelle_Stunde_0672.JPG","https://de.wikipedia.org/wiki/Michael_Piazolo","männlich","MichaelPiazolo",2834864151,2021-02-23 20:23:58,"grenwi",2021-02-23 20:38:11,"admin",""
"c5e4f762-e994-4c36-a686-7c64a1bf3bcc","Parlamentarier","Bayerischer Landtag","Gerald Pittner","FW","Unterfranken","","https://de.wikipedia.org/wiki/Datei:Image_of_none.svg","https://de.wikipedia.org/wiki/Gerald_Pittner","männlich","GeraldPittner",1660999328,2021-02-23 20:23:58,"grenwi",2021-02-23 20:38:11,"admin",""
"1e26625e-11af-48c6-9315-a90706a5712f","Parlamentarier","Bayerischer Landtag","Markus Plenk","partei- und fraktionslos","Oberbayern","bis 5. April 2019 AfD","https://de.wikipedia.org/wiki/Datei:Image_of_none.svg","https://de.wikipedia.org/wiki/Markus_Plenk","männlich","",NA,2021-02-23 20:23:58,"grenwi",2021-02-23 20:38:11,"admin",""
"391d3b5d-adf5-40d7-b6a9-d77d29feb864","Parlamentarier","Bayerischer Landtag","Bernhard Pohl","FW","Schwaben","","https://de.wikipedia.org/wiki/Datei:2012-07-18_-_Bernhard_Pohl_MdL_-_7988.jpg","https://de.wikipedia.org/wiki/Bernhard_Pohl","männlich","",NA,2021-02-23 20:23:58,"grenwi",2021-02-23 20:38:11,"admin",""
"34888d7b-dfeb-40b5-9979-317fe12a531e","Parlamentarier","Bayerischer Landtag","Franz Josef Pschierer","CSU","Schwaben","","https://de.wikipedia.org/wiki/Datei:Franz_Josef_Pschierer_CSU_Parteitag_2013_by_Olaf_Kosinsky_(3_von_5).jpg","https://de.wikipedia.org/wiki/Franz_Josef_Pschierer","männlich","",NA,2021-02-23 20:23:58,"grenwi",2021-02-23 20:38:11,"admin",""
"c8b334ac-e50a-43b1-b461-841e0937bef3","Parlamentarier","Bayerischer Landtag","Kerstin Radler","FW","Oberpfalz","","https://de.wikipedia.org/wiki/Datei:Image_of_none.svg","https://de.wikipedia.org/wiki/Kerstin_Radler","weiblich","",NA,2021-02-23 20:23:58,"grenwi",2021-02-23 20:38:11,"admin",""
"66825e7e-2589-40e3-9d3e-3e906940506a","Parlamentarier","Bayerischer Landtag","Helmut Radlmeier","CSU","Niederbayern","","https://de.wikipedia.org/wiki/Datei:Image_of_none.svg","https://de.wikipedia.org/wiki/Helmut_Radlmeier","männlich","",NA,2021-02-23 20:23:58,"grenwi",2021-02-23 20:38:11,"admin",""
"8f425764-38ba-4862-969e-6f48173d201b","Parlamentarier","Bayerischer Landtag","Doris Rauscher","SPD","Oberbayern","","https://de.wikipedia.org/wiki/Datei:Doris_Rauscher-2014-09-25.jpg","https://de.wikipedia.org/wiki/Doris_Rauscher","weiblich","",NA,2021-02-23 20:23:58,"grenwi",2021-02-23 20:38:11,"admin",""
"8ceefdbc-d496-4ab7-bdd8-adc34e6ad2f3","Parlamentarier","Bayerischer Landtag","Barbara Regitz","CSU","Mittelfranken","","https://de.wikipedia.org/wiki/Datei:Image_of_none.svg","https://de.wikipedia.org/wiki/Barbara_Regitz","weiblich","BarbaraRegitz",927502549229465600,2021-02-23 20:23:58,"grenwi",2021-02-23 20:38:11,"admin",""
"063a1170-b03b-445f-9832-ea5300df5795","Parlamentarier","Bayerischer Landtag","Tobias Reiß","CSU","Oberpfalz","","https://de.wikipedia.org/wiki/Datei:Image_of_none.svg","https://de.wikipedia.org/wiki/Tobias_Rei%C3%9F","männlich","",NA,2021-02-23 20:23:58,"grenwi",2021-02-23 20:38:11,"admin",""
"53d749d7-2152-4e17-8821-f4db44d424c7","Parlamentarier","Bayerischer Landtag","Franz Rieger","CSU","Oberpfalz","","https://de.wikipedia.org/wiki/Datei:Franz_Rieger_Landtagsprojekt_Bayern_2012.JPG","https://de.wikipedia.org/wiki/Franz_Rieger_(Politiker)","männlich","",NA,2021-02-23 20:23:58,"grenwi",2021-02-23 20:38:11,"admin",""
"a1991d99-6240-4d6b-b301-919fb98941f6","Parlamentarier","Bayerischer Landtag","Markus Rinderspacher","SPD","Oberbayern","","https://de.wikipedia.org/wiki/Datei:Markus_Rinderspacher_2014.jpg","https://de.wikipedia.org/wiki/Markus_Rinderspacher","männlich","m_rinderspacher",4224722859,2021-02-23 20:23:58,"grenwi",2021-02-23 20:38:11,"admin",""
"c56086b4-39e4-4bcf-9201-e1881e21e4c7","Parlamentarier","Bayerischer Landtag","Florian Ritter","SPD","Oberbayern","","https://de.wikipedia.org/wiki/Datei:Florian_Ritter_01.jpg","https://de.wikipedia.org/wiki/Florian_Ritter","männlich","Roter_Ritter",14908536,2021-02-23 20:23:58,"grenwi",2021-02-23 20:38:11,"admin",""
"a1ecf927-31b3-4978-9046-96ff20078826","Parlamentarier","Bayerischer Landtag","Martin Runge","GRÜNE","Oberbayern","","https://de.wikipedia.org/wiki/Datei:2012-07-18-Martin-Runge-2.jpg","https://de.wikipedia.org/wiki/Martin_Runge_(Politiker)","männlich","",NA,2021-02-23 20:23:58,"grenwi",2021-02-23 20:38:11,"admin",""
"39ca6b14-470f-4444-8c1b-6d6aed292e13","Parlamentarier","Bayerischer Landtag","Berthold Rüth","CSU","Unterfranken","","https://de.wikipedia.org/wiki/Datei:7820ri-Berthold_Rueth.jpg","https://de.wikipedia.org/wiki/Berthold_R%C3%BCth","männlich","BertholdRueth",1076223114,2021-02-23 20:23:58,"grenwi",2021-02-23 20:38:11,"admin",""
"85bcb25a-edd2-492d-abc1-dfadba2fea36","Parlamentarier","Bayerischer Landtag","Julika Sandt","FDP","Oberbayern","","https://de.wikipedia.org/wiki/Datei:Julika_Sandt_2012_-_RalfR.jpg","https://de.wikipedia.org/wiki/Julika_Sandt","weiblich","JulikaSandt",808460766,2021-02-23 20:23:58,"grenwi",2021-02-23 20:38:11,"admin",""
"3c1ed528-6d2d-41a5-813a-f955137f5355","Parlamentarier","Bayerischer Landtag","Alfred Sauter","CSU","Schwaben","","https://de.wikipedia.org/wiki/Datei:Alfred_Sauter_2012_-_RalfR.jpg","https://de.wikipedia.org/wiki/Alfred_Sauter","männlich","",NA,2021-02-23 20:23:58,"grenwi",2021-02-23 20:38:11,"admin",""
"d69f294a-5591-4544-a6ef-403389cfb0a7","Parlamentarier","Bayerischer Landtag","Andreas Schalk","CSU","Mittelfranken","","https://de.wikipedia.org/wiki/Datei:Image_of_none.svg","https://de.wikipedia.org/wiki/Andreas_Schalk","männlich","Andreas_Schalk",707685145,2021-02-23 20:23:58,"grenwi",2021-02-23 20:38:11,"admin",""
"135474e9-569d-4d9e-8291-8f7f56ca55db","Parlamentarier","Bayerischer Landtag","Ulrike Scharf","CSU","Oberbayern","","https://de.wikipedia.org/wiki/Datei:Ulrike_Scharf.jpg","https://de.wikipedia.org/wiki/Ulrike_Scharf","weiblich","",NA,2021-02-23 20:23:58,"grenwi",2021-02-23 20:38:11,"admin",""
"a9918d35-339a-4536-8711-f1ac6083bb67","Parlamentarier","Bayerischer Landtag","Jan Schiffers","AfD","Oberfranken","","https://de.wikipedia.org/wiki/Datei:Image_of_none.svg","https://de.wikipedia.org/wiki/Jan_Schiffers","männlich","",NA,2021-02-23 20:23:58,"grenwi",2021-02-23 20:38:11,"admin",""
"5b7aea0b-a36b-4e29-9091-3e9a6a934cc7","Parlamentarier","Bayerischer Landtag","Josef Schmid","CSU","Oberbayern","","https://de.wikipedia.org/wiki/Datei:Josef_Schmid_1158.jpg","https://de.wikipedia.org/wiki/Josef_Schmid_(Politiker,_1969)","männlich","",NA,2021-02-23 20:23:58,"grenwi",2021-02-23 20:38:11,"admin",""
"412c6e9d-5fde-4520-8de2-5f002b79dbdb","Parlamentarier","Bayerischer Landtag","Gabi Schmidt","FW","Mittelfranken","","https://de.wikipedia.org/wiki/Datei:Gabi_Schmidt,_MdL,_2018.jpg","https://de.wikipedia.org/wiki/Gabi_Schmidt","weiblich","",NA,2021-02-23 20:23:58,"grenwi",2021-02-23 20:38:11,"admin",""
"62588326-b4ca-4039-8fba-15fe0b60ee86","Parlamentarier","Bayerischer Landtag","Martin Schöffel","CSU","Oberfranken","","https://de.wikipedia.org/wiki/Datei:Image_of_none.svg","https://de.wikipedia.org/wiki/Martin_Sch%C3%B6ffel","männlich","",NA,2021-02-23 20:23:58,"grenwi",2021-02-23 20:38:11,"admin",""
"99b68e34-b1b0-4353-8fcd-a29a6ca03393","Parlamentarier","Bayerischer Landtag","Angelika Schorer","CSU","Schwaben","","https://de.wikipedia.org/wiki/Datei:2012-07-18_-_Angelika_Schorer_MdL_-_8041.jpg","https://de.wikipedia.org/wiki/Angelika_Schorer","weiblich","",NA,2021-02-23 20:23:58,"grenwi",2021-02-23 20:38:11,"admin",""
"348d8076-713d-4f83-b958-3d3972c6d540","Parlamentarier","Bayerischer Landtag","Tanja Schorer-Dremel","CSU","Oberbayern","","https://de.wikipedia.org/wiki/Datei:Image_of_none.svg","https://de.wikipedia.org/wiki/Tanja_Schorer-Dremel","weiblich","TSchorerDremel",3046151123,2021-02-23 20:23:58,"grenwi",2021-02-23 20:38:11,"admin",""
"294c1aaf-0d52-4cc6-aa0b-33c57b2bbf1c","Parlamentarier","Bayerischer Landtag","Kerstin Schreyer","CSU","Oberbayern","","https://de.wikipedia.org/wiki/Datei:Kerstin_Schreyer-St%C3%A4blein_2012_-_RalfR.jpg","https://de.wikipedia.org/wiki/Kerstin_Schreyer",NA,NA,NA,NA,NA,2021-02-23 20:38:11,"admin",""
"671a3c44-ce43-4e0b-9dda-2e9c072755d0","Parlamentarier","Bayerischer Landtag","Toni Schuberl","GRÜNE","Niederbayern","","https://de.wikipedia.org/wiki/Datei:Toni_Schuberl.jpg","https://de.wikipedia.org/wiki/Toni_Schuberl","männlich","SchuberlToni",1070278578628165632,2021-02-23 20:23:58,"grenwi",2021-02-23 20:38:11,"admin",""
"96753d88-6486-4d7b-b25d-e6ecf4ade86e","Parlamentarier","Bayerischer Landtag","Stephanie Schuhknecht","GRÜNE","Schwaben","","https://de.wikipedia.org/wiki/Datei:Image_of_none.svg","https://de.wikipedia.org/wiki/Stephanie_Schuhknecht","weiblich","",NA,2021-02-23 20:23:58,"grenwi",2021-02-23 20:38:11,"admin",""
"3fe92cb8-f984-4388-aa24-c563bd7e403b","Parlamentarier","Bayerischer Landtag","Katharina Schulze","GRÜNE","Oberbayern","","https://de.wikipedia.org/wiki/Datei:Schulze_Katharina_Bildarchiv_Bayerischer_Landtag,_Foto_Eleana_Hegerich.jpg","https://de.wikipedia.org/wiki/Katharina_Schulze","weiblich","KathaSchulze",224343894,2021-02-23 20:23:58,"grenwi",2021-02-23 20:38:11,"admin",""
"5ff4acb0-ab7b-4741-bca6-75ca1a9f9f77","Parlamentarier","Bayerischer Landtag","Stefan Schuster","SPD","Mittelfranken","","https://de.wikipedia.org/wiki/Datei:8019ri-Stefan_Schuster.jpg","https://de.wikipedia.org/wiki/Stefan_Schuster_(Politiker)","männlich","",NA,2021-02-23 20:23:58,"grenwi",2021-02-23 20:38:11,"admin",""
"54d3c8c7-9e8c-4e10-b162-efee51d392cd","Parlamentarier","Bayerischer Landtag","Thorsten Schwab","CSU","Unterfranken","","https://de.wikipedia.org/wiki/Datei:Image_of_none.svg","https://de.wikipedia.org/wiki/Thorsten_Schwab","männlich","",NA,2021-02-23 20:23:58,"grenwi",2021-02-23 20:38:11,"admin",""
"47dd6b8b-a8ef-44e0-9c00-8fb5161b7575","Parlamentarier","Bayerischer Landtag","Harald Schwartz","CSU","Oberpfalz","","https://de.wikipedia.org/wiki/Datei:Image_of_none.svg","https://de.wikipedia.org/wiki/Harald_Schwartz","männlich","",NA,2021-02-23 20:23:58,"grenwi",2021-02-23 20:38:11,"admin",""
"7e5f26ca-db8a-4350-9358-230aef610dfd","Parlamentarier","Bayerischer Landtag","Josef Seidl","AfD","Niederbayern","","https://de.wikipedia.org/wiki/Datei:2019-02-21_Josef_Seidl_AfD_7581.JPG","https://de.wikipedia.org/wiki/Josef_Seidl_(Politiker,_1963)","männlich","",NA,2021-02-23 20:23:58,"grenwi",2021-02-23 20:38:11,"admin",""
"770fda7a-b13d-417c-8302-acbaa228277c","Parlamentarier","Bayerischer Landtag","Bernhard Seidenath","CSU","Oberbayern","","https://de.wikipedia.org/wiki/Datei:Bernhard_seidenath.jpg","https://de.wikipedia.org/wiki/Bernhard_Seidenath","männlich","",NA,2021-02-23 20:23:58,"grenwi",2021-02-23 20:38:11,"admin",""
"31eb306c-fd71-46e4-bae8-b157e0e4f5e3","Parlamentarier","Bayerischer Landtag","Gisela Sengl","GRÜNE","Oberbayern","","https://de.wikipedia.org/wiki/Datei:Image_of_none.svg","https://de.wikipedia.org/wiki/Gisela_Sengl","weiblich","GiselaSengl",1879216975,2021-02-23 20:23:58,"grenwi",2021-02-23 20:38:11,"admin",""
"2d324885-84f7-46d4-8fc4-c5c62a69cb97","Parlamentarier","Bayerischer Landtag","Bernd Sibler","CSU","Niederbayern","","https://de.wikipedia.org/wiki/Datei:2013-03-20_BerndSibler.jpg","https://de.wikipedia.org/wiki/Bernd_Sibler","männlich","Bsibler",1065519762,2021-02-23 20:23:58,"grenwi",2021-02-23 20:38:11,"admin",""
"670d6ed5-4e86-423b-86b1-e4cf61080a47","Parlamentarier","Bayerischer Landtag","Florian Siekmann","GRÜNE","Oberbayern","","https://de.wikipedia.org/wiki/Datei:2019-10-10-Florian_Siekmann_6475.jpg","https://de.wikipedia.org/wiki/Florian_Siekmann","männlich","FloSiekmann",995699048127586304,2021-02-23 20:23:58,"grenwi",2021-02-23 20:38:11,"admin",""
"795b8084-25cd-42cd-bd4f-dc837df2840d","Parlamentarier","Bayerischer Landtag","Ulrich Singer","AfD","Schwaben","","https://de.wikipedia.org/wiki/Datei:Image_of_none.svg","https://de.wikipedia.org/wiki/Ulrich_Singer","männlich","",NA,2021-02-23 20:23:58,"grenwi",2021-02-23 20:38:11,"admin",""
"22d019f3-9c4f-4b32-8947-d95d1892165b","Parlamentarier","Bayerischer Landtag","Christoph Skutella","FDP","Oberpfalz","","https://de.wikipedia.org/wiki/Datei:Image_of_none.svg","https://de.wikipedia.org/wiki/Christoph_Skutella","männlich","Ch_Skutella",124589831,2021-02-23 20:23:58,"grenwi",2021-02-23 20:38:11,"admin",""
"fa5ed075-5b63-48f5-b674-5689ff97a810","Parlamentarier","Bayerischer Landtag","Markus Söder","CSU","Mittelfranken","","https://de.wikipedia.org/wiki/Datei:7859ri-Markus_Soeder.jpg","https://de.wikipedia.org/wiki/Markus_S%C3%B6der","männlich","Markus_Soeder",793778228,2021-02-23 20:23:58,"grenwi",2021-02-23 20:38:11,"admin",""
"bc445cd6-be1e-44f1-8f2c-082e83781193","Parlamentarier","Bayerischer Landtag","Ursula Sowa","GRÜNE","Oberfranken","","https://de.wikipedia.org/wiki/Datei:Image_of_none.svg","https://de.wikipedia.org/wiki/Ursula_Sowa","weiblich","ursula_sowa",958091530316722176,2021-02-23 20:23:58,"grenwi",2021-02-23 20:38:11,"admin",""
"bf3789e7-266f-44e7-97ba-6496055485b3","Parlamentarier","Bayerischer Landtag","Dominik Spitzer","FDP","Schwaben","","https://de.wikipedia.org/wiki/Datei:Image_of_none.svg","https://de.wikipedia.org/wiki/Dominik_Spitzer","männlich","spitzerfdp",1072091807989796864,2021-02-23 20:23:58,"grenwi",2021-02-23 20:38:11,"admin",""
"4c8e5f05-6f72-4738-b3bb-c1bcceab576f","Parlamentarier","Bayerischer Landtag","Diana Stachowitz","SPD","Oberbayern","","https://de.wikipedia.org/wiki/Datei:Image_of_none.svg","https://de.wikipedia.org/wiki/Diana_Stachowitz","weiblich","",NA,2021-02-23 20:23:58,"grenwi",2021-02-23 20:38:11,"admin",""
"7c4b9f9f-ea07-440e-ac4f-66eb01d9126d","Parlamentarier","Bayerischer Landtag","Ralf Stadler","AfD","Niederbayern","","https://de.wikipedia.org/wiki/Datei:2019-10-10-Ralf_Stadler_6619.jpg","https://de.wikipedia.org/wiki/Ralf_Stadler","männlich","RalfStadler1",1078621288007127040,2021-02-23 20:23:58,"grenwi",2021-02-23 20:38:11,"admin",""
"82065bbb-0af7-4c0a-bde6-d31ed8556438","Parlamentarier","Bayerischer Landtag","Rosi Steinberger","GRÜNE","Niederbayern","","https://de.wikipedia.org/wiki/Datei:Rosi_Steinberger.jpg","https://de.wikipedia.org/wiki/Rosi_Steinberger","weiblich","SteinbergerRosi",787981408061054976,2021-02-23 20:23:58,"grenwi",2021-02-23 20:38:11,"admin",""
"639a63cc-4ae7-4765-854a-1acd77a32ae8","Parlamentarier","Bayerischer Landtag","Klaus Steiner","CSU","Oberbayern","","https://de.wikipedia.org/wiki/Datei:Klaus_Steiner_01.jpg","https://de.wikipedia.org/wiki/Klaus_Steiner","männlich","MdL_Ksteiner",3055050676,2021-02-23 20:23:58,"grenwi",2021-02-23 20:38:11,"admin",""
"0a65b7c7-4f6d-4faa-b5fa-ac8455573340","Parlamentarier","Bayerischer Landtag","Sylvia Stierstorfer","CSU","Oberpfalz","","https://de.wikipedia.org/wiki/Datei:Image_of_none.svg","https://de.wikipedia.org/wiki/Sylvia_Stierstorfer","weiblich","",NA,2021-02-23 20:23:58,"grenwi",2021-02-23 20:38:11,"admin",""
"9bd23282-8dea-4ea0-8fd2-526740bad7cc","Parlamentarier","Bayerischer Landtag","Anna Stolz","FW","Unterfranken","","https://de.wikipedia.org/wiki/Datei:Image_of_none.svg","https://de.wikipedia.org/wiki/Anna_Stolz","weiblich","",NA,2021-02-23 20:23:58,"grenwi",2021-02-23 20:38:11,"admin",""
"f0649038-7051-4b9a-9bff-10d944e0ff66","Parlamentarier","Bayerischer Landtag","Klaus Stöttner","CSU","Oberbayern","","https://de.wikipedia.org/wiki/Datei:7864ri-Klaus_Stoettner.jpg","https://de.wikipedia.org/wiki/Klaus_St%C3%B6ttner","männlich","StoettnerK",292551365,2021-02-23 20:23:58,"grenwi",2021-02-23 20:38:11,"admin",""
"94ddbbda-380b-45d2-8535-446041e1ac2d","Parlamentarier","Bayerischer Landtag","Karl Straub","CSU","Oberbayern","","https://de.wikipedia.org/wiki/Datei:Image_of_none.svg","https://de.wikipedia.org/wiki/Karl_Straub_(Politiker)","männlich","",NA,2021-02-23 20:23:58,"grenwi",2021-02-23 20:38:11,"admin",""
"2ccfb21b-b382-4d2a-874e-e21ab81d4fe8","Parlamentarier","Bayerischer Landtag","Florian Streibl","FW","Oberbayern","","https://de.wikipedia.org/wiki/Datei:Florian_Streibl_2016.jpg","https://de.wikipedia.org/wiki/Florian_Streibl","männlich","FlorianStreibl",2559946431,2021-02-23 20:23:58,"grenwi",2021-02-23 20:38:11,"admin",""
"2503ef5c-d7be-40eb-87b0-123cb811c852","Parlamentarier","Bayerischer Landtag","Simone Strohmayr","SPD","Schwaben","","https://de.wikipedia.org/wiki/Datei:8138ri-Simone_Strohmayr.jpg","https://de.wikipedia.org/wiki/Simone_Strohmayr","weiblich","StrohmayrS",803549262466453504,2021-02-23 20:23:58,"grenwi",2021-02-23 20:38:11,"admin",""
"0349455b-4f09-489a-b37c-9a71c05402b5","Parlamentarier","Bayerischer Landtag","Martin Stümpfig","GRÜNE","Mittelfranken","","https://de.wikipedia.org/wiki/Datei:Martin_Stuempfig.jpg","https://de.wikipedia.org/wiki/Martin_St%C3%BCmpfig","männlich","mstuempfig",134407985,2021-02-23 20:23:58,"grenwi",2021-02-23 20:38:11,"admin",""
"f9910e86-6045-4624-926f-17993da170bc","Parlamentarier","Bayerischer Landtag","Raimund Swoboda","partei- und fraktionslos","Mittelfranken","bis 27. März 2019 AfD","https://de.wikipedia.org/wiki/Datei:Image_of_none.svg","https://de.wikipedia.org/wiki/Raimund_Swoboda","männlich","",NA,2021-02-23 20:23:58,"grenwi",2021-02-23 20:38:11,"admin",""
"43b59cab-3dd5-4cfa-b097-f7b6156dddee","Parlamentarier","Bayerischer Landtag","Arif Tasdelen","SPD","Mittelfranken","","https://de.wikipedia.org/wiki/Datei:Arif_Tasdelen_5857a.jpg","https://de.wikipedia.org/wiki/Arif_Ta%C5%9Fdelen",NA,NA,NA,NA,NA,2021-02-23 20:38:11,"admin",""
"d5af2d1b-fac4-4403-ae2d-e2723da70604","Parlamentarier","Bayerischer Landtag","Walter Taubeneder","CSU","Niederbayern","","https://de.wikipedia.org/wiki/Datei:Walter_Taubeneder_01.jpg","https://de.wikipedia.org/wiki/Walter_Taubeneder","männlich","Wtaubeneder",631101191,2021-02-23 20:23:58,"grenwi",2021-02-23 20:38:11,"admin",""
"f1edf257-3e57-4231-9406-4d2fe3caaa56","Parlamentarier","Bayerischer Landtag","Anna Toman","GRÜNE","Oberpfalz","","https://de.wikipedia.org/wiki/Datei:Image_of_none.svg","https://de.wikipedia.org/wiki/Anna_Toman","weiblich","",NA,2021-02-23 20:23:58,"grenwi",2021-02-23 20:38:11,"admin",""
"68da51db-3f80-413f-b886-b1d04a3ce3bf","Parlamentarier","Bayerischer Landtag","Peter Tomaschko","CSU","Schwaben","","https://de.wikipedia.org/wiki/Datei:Tomaschko_Pressefoto_1.jpg","https://de.wikipedia.org/wiki/Peter_Tomaschko","männlich","PeterTomaschko",484755900,2021-02-23 20:23:58,"grenwi",2021-02-23 20:38:11,"admin",""
"8c3f54ed-c17a-4327-b66b-8ef50311316f","Parlamentarier","Bayerischer Landtag","Carolina Trautner","CSU","Schwaben","","https://de.wikipedia.org/wiki/Datei:Carolina_Trautner.jpg","https://de.wikipedia.org/wiki/Carolina_Trautner","weiblich","",NA,2021-02-23 20:23:58,"grenwi",2021-02-23 20:38:11,"admin",""
"3ecb3824-dcb3-4b0b-add5-16d3b6446196","Parlamentarier","Bayerischer Landtag","Gabriele Triebel","GRÜNE","Oberbayern","","https://de.wikipedia.org/wiki/Datei:Image_of_none.svg","https://de.wikipedia.org/wiki/Gabriele_Triebel","weiblich","GabrieleTriebel",1103674514251096064,2021-02-23 20:23:58,"grenwi",2021-02-23 20:38:11,"admin",""
"1f920504-265b-4dd3-8cae-64443ee29414","Parlamentarier","Bayerischer Landtag","Hans Urban","GRÜNE","Oberbayern","","https://de.wikipedia.org/wiki/Datei:Hans_Urban.jpg","https://de.wikipedia.org/wiki/Hans_Urban_(Politiker)","männlich","",NA,2021-02-23 20:23:58,"grenwi",2021-02-23 20:38:11,"admin",""
"097431a4-b00d-409b-a5d8-f23c5b92b4b1","Parlamentarier","Bayerischer Landtag","Steffen Vogel","CSU","Unterfranken","","https://de.wikipedia.org/wiki/Datei:Image_of_none.svg","https://de.wikipedia.org/wiki/Steffen_Vogel","männlich","",NA,2021-02-23 20:23:58,"grenwi",2021-02-23 20:38:11,"admin",""
"793ff7e3-316f-497c-8494-bba901f03764","Parlamentarier","Bayerischer Landtag","Martin Wagle","CSU","Niederbayern","","https://de.wikipedia.org/wiki/Datei:Image_of_none.svg","https://de.wikipedia.org/wiki/Martin_Wagle","männlich","",NA,2021-02-23 20:23:58,"grenwi",2021-02-23 20:38:11,"admin",""
"259d6b0f-87d0-41e5-b362-d564c48f81ef","Parlamentarier","Bayerischer Landtag","Ruth Waldmann","SPD","Oberbayern","","https://de.wikipedia.org/wiki/Datei:Image_of_none.svg","https://de.wikipedia.org/wiki/Ruth_Waldmann","weiblich","",NA,2021-02-23 20:23:58,"grenwi",2021-02-23 20:38:11,"admin",""
"a3c096bb-4b25-42df-a9da-5d47166c4c8a","Parlamentarier","Bayerischer Landtag","Gerhard Waschler","CSU","Niederbayern","","https://de.wikipedia.org/wiki/Datei:Portrait_Gerhard_Waschler.jpg","https://de.wikipedia.org/wiki/Gerhard_Waschler","männlich","",NA,2021-02-23 20:23:58,"grenwi",2021-02-23 20:38:11,"admin",""
"6f122ff1-3b4e-4700-91d7-2f07b9d4c386","Parlamentarier","Bayerischer Landtag","Ernst Weidenbusch","CSU","Oberbayern","","https://de.wikipedia.org/wiki/Datei:Image_of_none.svg","https://de.wikipedia.org/wiki/Ernst_Weidenbusch","männlich","Weidenbusch_E",152206341,2021-02-23 20:23:58,"grenwi",2021-02-23 20:38:11,"admin",""
"918d202f-1da8-41af-8862-9c529487becf","Parlamentarier","Bayerischer Landtag","Sabine Weigand","GRÜNE","Mittelfranken","","https://de.wikipedia.org/wiki/Datei:Image_of_none.svg","https://de.wikipedia.org/wiki/Sabine_Weigand","weiblich","",NA,2021-02-23 20:23:58,"grenwi",2021-02-23 20:38:11,"admin",""
"ddd94d73-7d5d-408a-9862-c5e2ce19ae90","Parlamentarier","Bayerischer Landtag","Roland Weigert","FW","Oberbayern","","https://de.wikipedia.org/wiki/Datei:Image_of_none.svg","https://de.wikipedia.org/wiki/Roland_Weigert","männlich","rolandweigert",1201271099515899904,2021-02-23 20:23:58,"grenwi",2021-02-23 20:38:11,"admin",""
"25a595ef-fffa-4c6f-8ff1-6c1084f273b5","Parlamentarier","Bayerischer Landtag","Manuel Westphal","CSU","Mittelfranken","","https://de.wikipedia.org/wiki/Datei:Manuel_Westphal.jpg","https://de.wikipedia.org/wiki/Manuel_Westphal","männlich","",NA,2021-02-23 20:23:58,"grenwi",2021-02-23 20:38:11,"admin",""
"ffd684b1-9812-4bee-9331-0945d5d40de8","Parlamentarier","Bayerischer Landtag","Jutta Widmann","FW","Niederbayern","","https://de.wikipedia.org/wiki/Datei:Jutta_Widmann.jpg","https://de.wikipedia.org/wiki/Jutta_Widmann","weiblich","",NA,2021-02-23 20:23:58,"grenwi",2021-02-23 20:38:11,"admin",""
"fbe9d851-30fd-4a9c-ab67-01bb90743852","Parlamentarier","Bayerischer Landtag","Margit Wild","SPD","Oberpfalz","","https://de.wikipedia.org/wiki/Datei:Margit_Wild_2012_-_RalfR.jpg","https://de.wikipedia.org/wiki/Margit_Wild","weiblich","",NA,2021-02-23 20:23:58,"grenwi",2021-02-23 20:38:11,"admin",""
"da869c6c-b3cd-492e-9c66-df5f5a6f9559","Parlamentarier","Bayerischer Landtag","Andreas Winhart","AfD","Oberbayern","","https://de.wikipedia.org/wiki/Datei:Image_of_none.svg","https://de.wikipedia.org/wiki/Andreas_Winhart","männlich","AndyWinhart",1070958469539352576,2021-02-23 20:23:58,"grenwi",2021-02-23 20:38:11,"admin",""
"491680a3-06a4-4808-b854-02a76ef00b7c","Parlamentarier","Bayerischer Landtag","Georg Winter","CSU","Schwaben","","https://de.wikipedia.org/wiki/Datei:8237ri-Georg_Winter.jpg","https://de.wikipedia.org/wiki/Georg_Winter_(Politiker)","männlich","",NA,2021-02-23 20:23:58,"grenwi",2021-02-23 20:38:11,"admin",""
"e6e44125-7fa2-4cd8-8ff6-a72a98cf77df","Parlamentarier","Bayerischer Landtag","Josef Zellmeier","CSU","Niederbayern","","https://de.wikipedia.org/wiki/Datei:8108ri-Josef_Zellmeier.jpg","https://de.wikipedia.org/wiki/Josef_Zellmeier","männlich","",NA,2021-02-23 20:23:58,"grenwi",2021-02-23 20:38:11,"admin",""
"b0cb31fc-203b-4243-9966-4920fa1bf39c","Parlamentarier","Bayerischer Landtag","Benno Zierer","FW","Oberbayern","","https://de.wikipedia.org/wiki/Datei:Image_of_none.svg","https://de.wikipedia.org/wiki/Benno_Zierer_(Politiker,_1956)","männlich","",NA,2021-02-23 20:23:58,"grenwi",2021-02-23 20:38:11,"admin",""
"41cf08ed-e408-468f-a050-07d1017c4175","Parlamentarier","Bayerischer Landtag","Christian Zwanziger","GRÜNE","Mittelfranken","","https://de.wikipedia.org/wiki/Datei:Image_of_none.svg","https://de.wikipedia.org/wiki/Christian_Zwanziger","männlich","Christian20er",609392149,2021-02-23 20:23:58,"grenwi",2021-02-23 20:38:11,"admin",""
