"uuid","category","group","Name","Fraktion","Fraktion.1","Wahlkreis","Kommentar","Bild","Wikipedia.URL","Geschlecht","Twitter_screen_name","Twitter_id","last_modified_time","last_modified_user","modified_at","modified_by","tags"
"e560185e-bd66-4a68-a3a0-ae374c4dd021","Parlamentarier","EU-Parlament","Christine Anderson","AfD","<U+FEFF>ID","Bundesgebiet","","https://de.wikipedia.org/wiki/Datei:Silver_-_replace_this_image_female.svg","https://de.wikipedia.org/wiki/Christine_Anderson","weiblich","AndersonAfDMdEP",900669223122472960,2021-02-23 20:23:58,"grenwi",2021-02-23 20:47:00,"admin",""
"8a4e680d-2199-473c-8cdc-8189c3050d8d","Parlamentarier","EU-Parlament","Rasmus Andresen","GRÜNE","<U+FEFF>G–EFA","Bundesgebiet","","https://de.wikipedia.org/wiki/Datei:Rasmus_Andresen.png","https://de.wikipedia.org/wiki/Rasmus_Andresen","männlich","RasmusAndresen",16606874,2021-02-23 20:23:58,"grenwi",2021-02-23 20:47:00,"admin",""
"73519007-62bb-4af5-8287-3d470bbb0ddb","Parlamentarier","EU-Parlament","Katarina Barley","SPD","<U+FEFF>S&D","Bundesgebiet","Stv. Parlamentspräsidentin","https://de.wikipedia.org/wiki/Datei:Katarina_Barley-4934.jpg","https://de.wikipedia.org/wiki/Katarina_Barley","weiblich","katarinabarley",4097559143,2021-02-23 20:23:58,"grenwi",2021-02-23 20:47:00,"admin",""
"eff696d7-409f-4616-90c6-b0e6e268b71c","Parlamentarier","EU-Parlament","Gunnar Beck","AfD","<U+FEFF>ID","Bundesgebiet","","https://de.wikipedia.org/wiki/Datei:Silver_-_replace_this_image_male.svg","https://de.wikipedia.org/wiki/Gunnar_Beck","männlich","gunnar_beck",840002348000915456,2021-02-23 20:23:58,"grenwi",2021-02-23 20:47:00,"admin",""
"05811c46-c032-4caa-82a0-cf8637abc597","Parlamentarier","EU-Parlament","Nicola Beer","FDP","<U+FEFF>RE","Bundesgebiet","Stv. Parlamentspräsidentin","https://de.wikipedia.org/wiki/Datei:MJK00612_Nicola_Beer.jpg","https://de.wikipedia.org/wiki/Nicola_Beer","weiblich","nicolabeerfdp",828623998921629696,2021-02-23 20:23:58,"grenwi",2021-02-23 20:47:00,"admin",""
"71f16276-918e-4ff4-9587-1a56730acd2c","Parlamentarier","EU-Parlament","Hildegard Bentele","CDU","<U+FEFF>EPP","Berlin","","https://de.wikipedia.org/wiki/Datei:Bentele_2_(Dirk_Reitze).jpg","https://de.wikipedia.org/wiki/Hildegard_Bentele","weiblich","hildebentele",2429391577,2021-02-23 20:23:58,"grenwi",2021-02-23 20:47:00,"admin",""
"51507c16-7da9-4200-8eca-0a4e011da27a","Parlamentarier","EU-Parlament","Lars Patrick Berg","AfD","<U+FEFF>ID","Bundesgebiet","","https://de.wikipedia.org/wiki/Datei:Debate_MEPs_call_for_measures_against_Turkey_following_military_operation_in_Syria_(48948322602).jpg","https://de.wikipedia.org/wiki/Lars_Patrick_Berg",NA,NA,NA,NA,NA,2021-02-23 20:47:00,"admin",""
"5434b617-420c-4195-a779-868ffe1b49dd","Parlamentarier","EU-Parlament","Stefan Berger","CDU","<U+FEFF>EPP","Nordrhein-Westfalen","","https://de.wikipedia.org/wiki/Datei:Berger,_Stefan-1.jpg","https://de.wikipedia.org/wiki/Stefan_Berger_(Politiker,_September_1969)","männlich","DrStefanBerger",46128473,2021-02-23 20:23:58,"grenwi",2021-02-23 20:47:00,"admin",""
"80e4d4a0-6bae-4dd5-8154-d4a8aa2ffe1f","Parlamentarier","EU-Parlament","Gabriele Bischoff","SPD","<U+FEFF>S&D","Bundesgebiet","","https://de.wikipedia.org/wiki/Datei:2019-01-28_Gabriele_Bischoff_Mitgliederversammlung_SPD_Berlin_by_Torsten_Krueger.jpg","https://de.wikipedia.org/wiki/Gabriele_Bischoff",NA,NA,NA,NA,NA,2021-02-23 20:47:00,"admin",""
"b4d19a20-45a1-4aee-9834-9049a18c697b","Parlamentarier","EU-Parlament","Michael Bloss","GRÜNE","<U+FEFF>G–EFA","Bundesgebiet","","https://de.wikipedia.org/wiki/Datei:Michael_Bloss.jpg","https://de.wikipedia.org/wiki/Michael_Bloss","männlich","michabl",20344328,2021-02-23 20:23:58,"grenwi",2021-02-23 20:47:00,"admin",""
"11f5b62c-b3b0-4ce9-a70b-0a57a6b896f6","Parlamentarier","EU-Parlament","Damian Freiherr von Boeselager","Volt","<U+FEFF>G–EFA","Bundesgebiet","","https://de.wikipedia.org/wiki/Datei:2019-04-13_Damian_Boeselager_by_Olaf_Kosinsky-0518.jpg","https://de.wikipedia.org/wiki/Damian_Freiherr_von_Boeselager",NA,NA,NA,NA,NA,2021-02-23 20:47:00,"admin",""
"bd6fb1a9-9bbe-437e-9a32-42c94446ed76","Parlamentarier","EU-Parlament","Patrick Breyer","PIRATEN","<U+FEFF>G–EFA","Bundesgebiet","","https://de.wikipedia.org/wiki/Datei:Patrick-Breyer-Goettingen-2019-01.jpg","https://de.wikipedia.org/wiki/Patrick_Breyer","männlich","echo_pbreyer",993792060548435968,2021-02-23 20:23:58,"grenwi",2021-02-23 20:47:00,"admin",""
"ce810a78-4c4f-4507-96a3-d5c4ede7ff32","Parlamentarier","EU-Parlament","Markus Buchheit","AfD","<U+FEFF>ID","Bundesgebiet","","https://de.wikipedia.org/wiki/Datei:Buchheit_1.jpg","https://de.wikipedia.org/wiki/Markus_Buchheit","männlich","BuchheitMarkus",1153326441628651520,2021-02-23 20:23:58,"grenwi",2021-02-23 20:47:00,"admin",""
"0ae8ef07-3901-4306-81f1-963dee2fa5e9","Parlamentarier","EU-Parlament","Udo Bullmann","SPD","<U+FEFF>S&D","Bundesgebiet","","https://de.wikipedia.org/wiki/Datei:2018-12-09_Udo_Bullmann_SPD_Europadelegiertenkonferenz_2843.jpg","https://de.wikipedia.org/wiki/Udo_Bullmann","männlich","UdoBullmann",2461432297,2021-02-23 20:23:58,"grenwi",2021-02-23 20:47:00,"admin",""
"c5abae2e-c8a0-48c0-823e-d31928cb312b","Parlamentarier","EU-Parlament","Delara Burkhardt","SPD","<U+FEFF>S&D","Bundesgebiet","","https://de.wikipedia.org/wiki/Datei:Silver_-_replace_this_image_female.svg","https://de.wikipedia.org/wiki/Delara_Burkhardt","weiblich","delarabur",1133570430,2021-02-23 20:23:58,"grenwi",2021-02-23 20:47:00,"admin",""
"be51380f-fa76-443e-b061-f0c61c771aa9","Parlamentarier","EU-Parlament","Martin Buschmann","Parteilos","<U+FEFF>NI","Bundesgebiet","Gewählt für die Tierschutzpartei und anschließend Mitglied der GUE-NGL-Fraktion. Trat am 28. Januar 2020 aus der Fraktion und am 29. Januar 2020 aus der Partei aus.[1]","https://de.wikipedia.org/wiki/Datei:Martin_Buschmann_(48908325978)_(cropped).jpg","https://de.wikipedia.org/wiki/Martin_Buschmann_(Politiker)","männlich","BuschmannMartin",1041644034849103872,2021-02-23 20:23:58,"grenwi",2021-02-23 20:47:00,"admin",""
"db26a204-9a8c-4b29-ab22-565a8a988302","Parlamentarier","EU-Parlament","Reinhard Bütikofer","GRÜNE","<U+FEFF>G–EFA","Bundesgebiet","","https://de.wikipedia.org/wiki/Datei:Reinhard_B%C3%BCtikofer_-_Die_Gr%C3%BCnen,_Juni_2009-cropped.jpg","https://de.wikipedia.org/wiki/Reinhard_B%C3%BCtikofer","männlich","bueti",20610385,2021-02-23 20:23:58,"grenwi",2021-02-23 20:47:00,"admin",""
"d211afdd-0b44-41e0-9834-ef96cd8b327d","Parlamentarier","EU-Parlament","Daniel Caspary","CDU","<U+FEFF>EPP","Baden-Württemberg","","https://de.wikipedia.org/wiki/Datei:Daniel_Caspary_-_Wiki_Loves_Parliament_-_2014_-_P1760676.jpg","https://de.wikipedia.org/wiki/Daniel_Caspary","männlich","caspary",17780822,2021-02-23 20:23:58,"grenwi",2021-02-23 20:47:00,"admin",""
"f4002546-fbd4-40d0-8143-969e1a74432f","Parlamentarier","EU-Parlament","Anna Cavazzini","GRÜNE","<U+FEFF>G–EFA","Bundesgebiet","","https://de.wikipedia.org/wiki/Datei:Anna_Cavazzini_2019_(3).JPG","https://de.wikipedia.org/wiki/Anna_Cavazzini","weiblich","anna_cavazzini",833300465039319040,2021-02-23 20:23:58,"grenwi",2021-02-23 20:47:00,"admin",""
"204a7525-9b8b-460a-a148-c9bea60d32d1","Parlamentarier","EU-Parlament","Viola von Cramon-Taubadel","GRÜNE","<U+FEFF>G–EFA","Bundesgebiet","","https://de.wikipedia.org/wiki/Datei:Flickr_-_boellstiftung_-_Forum_1_(2).jpg","https://de.wikipedia.org/wiki/Viola_von_Cramon-Taubadel","weiblich","ViolavonCramon",30507250,2021-02-23 20:23:58,"grenwi",2021-02-23 20:47:00,"admin",""
"9c40d6d5-5368-463d-8fa7-8bf534e25f66","Parlamentarier","EU-Parlament","Özlem Alev Demirel","LINKE","<U+FEFF>GUE-NGL","Bundesgebiet","","https://de.wikipedia.org/wiki/Datei:2017-05-04-WDR_Wahlarena-1401.jpg","https://de.wikipedia.org/wiki/%C3%96zlem_Demirel","weiblich","OezlemADemirel",406893885,2021-02-23 20:23:58,"grenwi",2021-02-23 20:47:00,"admin",""
"a7617ea3-aa01-4bb9-b9a6-c1e2f89006ec","Parlamentarier","EU-Parlament","Anna Deparnay-Grunenberg","GRÜNE","<U+FEFF>G–EFA","Bundesgebiet","","https://de.wikipedia.org/wiki/Datei:Anna_Deparnay-Grunenberg_.jpg","https://de.wikipedia.org/wiki/Anna_Deparnay-Grunenberg","weiblich","AnnaDeparnay",825815009041203200,2021-02-23 20:23:58,"grenwi",2021-02-23 20:47:00,"admin",""
"78e83885-2934-4c8c-b40c-4bc5bbb67cc4","Parlamentarier","EU-Parlament","Christian Doleschal","CSU","<U+FEFF>EPP","Bayern","","https://de.wikipedia.org/wiki/Datei:20190528_doleschal_christian_de_15_resized_xl.jpg","https://de.wikipedia.org/wiki/Christian_Doleschal","männlich","Doleschal",17782837,2021-02-23 20:23:58,"grenwi",2021-02-23 20:47:00,"admin",""
"c27468e7-d8cd-470d-be92-e518d0f92f00","Parlamentarier","EU-Parlament","Lena Düpont","CDU","<U+FEFF>EPP","Niedersachsen","","https://de.wikipedia.org/wiki/Datei:Silver_-_replace_this_image_female.svg","https://de.wikipedia.org/wiki/Lena_D%C3%BCpont",NA,NA,NA,NA,NA,2021-02-23 20:47:00,"admin",""
"7e8846aa-eda8-4465-874a-0b9a5061dacd","Parlamentarier","EU-Parlament","Jan Christian Ehler","CDU","<U+FEFF>EPP","Brandenburg","","https://de.wikipedia.org/wiki/Datei:Dr._Christian_Ehler.jpg","https://de.wikipedia.org/wiki/Jan_Christian_Ehler",NA,NA,NA,NA,NA,2021-02-23 20:47:00,"admin",""
"573c40e8-ceda-4d98-8117-72668c962b6a","Parlamentarier","EU-Parlament","Cornelia Ernst","LINKE","<U+FEFF>GUE-NGL","Bundesgebiet","","https://de.wikipedia.org/wiki/Datei:4082784206_cornelia_ernst_crop.jpg","https://de.wikipedia.org/wiki/Cornelia_Ernst","weiblich","ErnstCornelia",1225229076,2021-02-23 20:23:58,"grenwi",2021-02-23 20:47:00,"admin",""
"69959b2d-25e4-4179-8d71-13db1d721625","Parlamentarier","EU-Parlament","Engin Eroglu","FW","<U+FEFF>RE","Bundesgebiet","","https://de.wikipedia.org/wiki/Datei:Engin_Eroglu,_Landesvorsitzender_FREIE_W%C3%84HLER_Hessen.jpg","https://de.wikipedia.org/wiki/Engin_Eroglu","männlich","EnginEroglu_FW",940691491835564032,2021-02-23 20:23:58,"grenwi",2021-02-23 20:47:00,"admin",""
"e73d3709-0e6d-4885-899a-2fae3be5ef82","Parlamentarier","EU-Parlament","Ismail Ertug","SPD","<U+FEFF>S&D","Bundesgebiet","","https://de.wikipedia.org/wiki/Datei:Ertug_Ismail_Kandidatenfoto_klein.jpg","https://de.wikipedia.org/wiki/Ismail_Ertug","männlich","IsmailErtug",578240398,2021-02-23 20:23:58,"grenwi",2021-02-23 20:47:00,"admin",""
"301bcafb-7c1f-448b-860e-b1b1d3bc5b22","Parlamentarier","EU-Parlament","Markus Ferber","CSU","<U+FEFF>EPP","Bayern","","https://de.wikipedia.org/wiki/Datei:Ferber,_Markus-1305.jpg","https://de.wikipedia.org/wiki/Markus_Ferber","männlich","MarkusFerber",1949513514,2021-02-23 20:23:58,"grenwi",2021-02-23 20:47:00,"admin",""
"4b5c5eb8-d30e-417b-beb9-d1fcaadb5a3d","Parlamentarier","EU-Parlament","Nicolaus Fest","AfD","<U+FEFF>ID","Bundesgebiet","","https://de.wikipedia.org/wiki/Datei:Silver_-_replace_this_image_male.svg","https://de.wikipedia.org/wiki/Nicolaus_Fest","männlich","Nicolaus_Fest",773419555729379328,2021-02-23 20:23:58,"grenwi",2021-02-23 20:47:00,"admin",""
"c57ed778-bf39-4fda-b8a1-18d5933c3742","Parlamentarier","EU-Parlament","Romeo Franz","GRÜNE","<U+FEFF>G–EFA","Bundesgebiet","","https://de.wikipedia.org/wiki/Datei:Silver_-_replace_this_image_male.svg","https://de.wikipedia.org/wiki/Romeo_Franz","männlich","RomeoFranz1",850600969184436224,2021-02-23 20:23:58,"grenwi",2021-02-23 20:47:00,"admin",""
"9e55dc56-a612-4792-84cc-43a5c27703e1","Parlamentarier","EU-Parlament","Daniel Freund","GRÜNE","<U+FEFF>G–EFA","Bundesgebiet","","https://de.wikipedia.org/wiki/Datei:Daniel_Freund.jpg","https://de.wikipedia.org/wiki/Daniel_Freund","männlich","daniel_freund",306868006,2021-02-23 20:23:58,"grenwi",2021-02-23 20:47:00,"admin",""
"254cbb63-4a74-404d-a460-68f1b5a671e9","Parlamentarier","EU-Parlament","Michael Gahler","CDU","<U+FEFF>EPP","Hessen","","https://de.wikipedia.org/wiki/Datei:Michael_Gahler_MEP_2.jpg","https://de.wikipedia.org/wiki/Michael_Gahler","männlich","michaelgahler",102642856,2021-02-23 20:23:58,"grenwi",2021-02-23 20:47:00,"admin",""
"aed28cf2-91d4-48ee-b940-a98da6bc8ae8","Parlamentarier","EU-Parlament","Evelyne Marie-Thérèse Gebhardt","SPD","<U+FEFF>S&D","Bundesgebiet","","https://de.wikipedia.org/wiki/Datei:Evelyne_Gebhardt_2009.png","https://de.wikipedia.org/wiki/Evelyne_Gebhardt",NA,NA,NA,NA,NA,2021-02-23 20:47:00,"admin",""
"f4688a14-dd39-4cad-ba1c-4a81ee0ad441","Parlamentarier","EU-Parlament","Alexandra Geese","GRÜNE","<U+FEFF>G–EFA","Bundesgebiet","","https://de.wikipedia.org/wiki/Datei:Silver_-_replace_this_image_female.svg","https://de.wikipedia.org/wiki/Alexandra_Geese","weiblich","alexandra_geese",1019949632108064768,2021-02-23 20:23:58,"grenwi",2021-02-23 20:47:00,"admin",""
"962e9500-e179-448a-a5e3-e9b68b5b325e","Parlamentarier","EU-Parlament","Jens Geier","SPD","<U+FEFF>S&D","Bundesgebiet","","https://de.wikipedia.org/wiki/Datei:Jens_Geier_MEP_1.jpg","https://de.wikipedia.org/wiki/Jens_Geier","männlich","EuropaJens",36347303,2021-02-23 20:23:58,"grenwi",2021-02-23 20:47:00,"admin",""
"043a57e8-d4b7-42a8-ace6-802217151571","Parlamentarier","EU-Parlament","Helmut Geuking","FAM","<U+FEFF>EKR","Bundesgebiet","","https://de.wikipedia.org/wiki/Datei:Silver_-_replace_this_image_male.svg","https://de.wikipedia.org/wiki/Helmut_Geuking","männlich","Brger100",206841917,2021-02-23 20:23:58,"grenwi",2021-02-23 20:47:00,"admin",""
"8497e493-2e97-4b12-9f87-63824b61a00c","Parlamentarier","EU-Parlament","Sven Giegold","GRÜNE","<U+FEFF>G–EFA","Bundesgebiet","","https://de.wikipedia.org/wiki/Datei:Sven_Giegold_Oxford.JPG","https://de.wikipedia.org/wiki/Sven_Giegold","männlich","sven_giegold",16705726,2021-02-23 20:23:58,"grenwi",2021-02-23 20:47:00,"admin",""
"6b31e7e6-276f-4827-b0d5-9b25b7618a20","Parlamentarier","EU-Parlament","Jens Gieseke","CDU","<U+FEFF>EPP","Niedersachsen","","https://de.wikipedia.org/wiki/Datei:Silver_-_replace_this_image_male.svg","https://de.wikipedia.org/wiki/Jens_Gieseke",NA,NA,NA,NA,NA,2021-02-23 20:47:00,"admin",""
"11f208a2-f28e-4b56-9353-391055364fb7","Parlamentarier","EU-Parlament","Andreas Glück","FDP","<U+FEFF>RE","Bundesgebiet","","https://de.wikipedia.org/wiki/Datei:2013-05-16_Andreas_Gl%C3%BCck_9479-crop.JPG","https://de.wikipedia.org/wiki/Andreas_Gl%C3%BCck",NA,NA,NA,NA,NA,2021-02-23 20:47:00,"admin",""
"baf1c02f-37bb-4ee9-a46b-1fc5681f3aa8","Parlamentarier","EU-Parlament","Svenja Hahn","FDP","<U+FEFF>RE","Bundesgebiet","","https://de.wikipedia.org/wiki/Datei:Silver_-_replace_this_image_female.svg","https://de.wikipedia.org/wiki/Svenja_Hahn","weiblich","svenja_hahn",1124773536,2021-02-23 20:23:58,"grenwi",2021-02-23 20:47:00,"admin",""
"a5defad5-b126-4494-b888-c0b16a521dd2","Parlamentarier","EU-Parlament","Henrike Hahn","GRÜNE","<U+FEFF>G–EFA","Bundesgebiet","","https://de.wikipedia.org/wiki/Datei:2019-05-26_Henrike_Hahn_B90_Gr%C3%BCne_9573.jpg","https://de.wikipedia.org/wiki/Henrike_Hahn_(Politikerin)","weiblich","henrikehahn",1601699341,2021-02-23 20:23:58,"grenwi",2021-02-23 20:47:00,"admin",""
"2a58694b-b809-48a0-92a7-c720a62e15d0","Parlamentarier","EU-Parlament","Martin Häusling","GRÜNE","<U+FEFF>G–EFA","Bundesgebiet","","https://de.wikipedia.org/wiki/Datei:Martin_H%C3%A4usling.jpg","https://de.wikipedia.org/wiki/Martin_H%C3%A4usling","männlich","MartinHaeusling",82912952,2021-02-23 20:23:58,"grenwi",2021-02-23 20:47:00,"admin",""
"322c1dcc-8abd-4d7e-bd8d-ec0c8fc0084f","Parlamentarier","EU-Parlament","Niclas Herbst","CDU","<U+FEFF>EPP","Schleswig-Holstein","","https://de.wikipedia.org/wiki/Datei:Silver_-_replace_this_image_male.svg","https://de.wikipedia.org/wiki/Niclas_Herbst","männlich","HerbstNiclas",1081127517250043904,2021-02-23 20:23:58,"grenwi",2021-02-23 20:47:00,"admin",""
"8ac754ff-d709-4500-91d8-66b8c48e1811","Parlamentarier","EU-Parlament","Pierrette Herzberger-Fofana","GRÜNE","<U+FEFF>G–EFA","Bundesgebiet","","https://de.wikipedia.org/wiki/Datei:Pierrette_Herzberger-Fofana.jpg","https://de.wikipedia.org/wiki/Pierrette_Herzberger-Fofana","weiblich","",NA,2021-02-23 20:23:58,"grenwi",2021-02-23 20:47:00,"admin",""
"4bd5ffe7-0fe0-4dc0-b770-b365b2492495","Parlamentarier","EU-Parlament","Monika Hohlmeier","CSU","<U+FEFF>EPP","Bayern","","https://de.wikipedia.org/wiki/Datei:Hohlmeier,_Monika-1924.jpg","https://de.wikipedia.org/wiki/Monika_Hohlmeier","weiblich","MHohlmeier",2904048473,2021-02-23 20:23:58,"grenwi",2021-02-23 20:47:00,"admin",""
"baea8049-cdb4-4b86-aa18-650485ae97e9","Parlamentarier","EU-Parlament","Peter Jahr","CDU","<U+FEFF>EPP","Sachsen","","https://de.wikipedia.org/wiki/Datei:Peter_Jahr_(Martin_Rulsch)_2.jpg","https://de.wikipedia.org/wiki/Peter_Jahr","männlich","peter_jahr",3119157183,2021-02-23 20:23:58,"grenwi",2021-02-23 20:47:00,"admin",""
"588166e3-89e1-4040-9d01-6f97255991e2","Parlamentarier","EU-Parlament","Petra Kammerevert","SPD","<U+FEFF>S&D","Bundesgebiet","","https://de.wikipedia.org/wiki/Datei:Petra_Kammerevert_2014.jpg","https://de.wikipedia.org/wiki/Petra_Kammerevert","weiblich","",NA,2021-02-23 20:23:58,"grenwi",2021-02-23 20:47:00,"admin",""
"b8a0ba3c-f859-4328-8a4c-82c153b483b1","Parlamentarier","EU-Parlament","Ska Keller","GRÜNE","<U+FEFF>G–EFA","Bundesgebiet","Fraktionsvorsitzende","https://de.wikipedia.org/wiki/Datei:Ska_Keller_(10851856583).jpg","https://de.wikipedia.org/wiki/Ska_Keller","weiblich","SkaKeller",16600393,2021-02-23 20:23:58,"grenwi",2021-02-23 20:47:00,"admin",""
"4f9bf8b7-4a6d-41b1-be31-15fb015184a4","Parlamentarier","EU-Parlament","Moritz Körner","FDP","<U+FEFF>RE","Bundesgebiet","","https://de.wikipedia.org/wiki/Datei:MoritzKoernerMEP.jpg","https://de.wikipedia.org/wiki/Moritz_K%C3%B6rner","männlich","moritzkoerner",21794101,2021-02-23 20:23:58,"grenwi",2021-02-23 20:47:00,"admin",""
"247df2cc-3047-42d2-a6d9-00b70b485682","Parlamentarier","EU-Parlament","Dietmar Köster","SPD","<U+FEFF>S&D","Bundesgebiet","","https://de.wikipedia.org/wiki/Datei:Silver_-_replace_this_image_male.svg","https://de.wikipedia.org/wiki/Dietmar_K%C3%B6ster","männlich","",NA,2021-02-23 20:23:58,"grenwi",2021-02-23 20:47:00,"admin",""
"2dec8316-0dfe-4fad-9a08-8a04b64c9f7d","Parlamentarier","EU-Parlament","Maximilian Krah","AfD","<U+FEFF>ID","Bundesgebiet","","https://de.wikipedia.org/wiki/Datei:Maximilian_Krah.jpg","https://de.wikipedia.org/wiki/Maximilian_Krah","männlich","KrahMax",1162901370,2021-02-23 20:23:58,"grenwi",2021-02-23 20:47:00,"admin",""
"32d7067c-37c8-4bf4-8a9e-7b865e2ce821","Parlamentarier","EU-Parlament","Constanze Krehl","SPD","<U+FEFF>S&D","Bundesgebiet","","https://de.wikipedia.org/wiki/Datei:Constanze_Krehl-Foto_Susie-Knoll.jpg","https://de.wikipedia.org/wiki/Constanze_Krehl","weiblich","ConstanzeKrehl",2373681362,2021-02-23 20:23:58,"grenwi",2021-02-23 20:47:00,"admin",""
"57192ea2-22df-4be2-8345-00bbfd29f174","Parlamentarier","EU-Parlament","Joachim Kuhs","AfD","<U+FEFF>ID","Bundesgebiet","","https://de.wikipedia.org/wiki/Datei:Silver_-_replace_this_image_male.svg","https://de.wikipedia.org/wiki/Joachim_Kuhs","männlich","Joachim_Kuhs",968551492390129664,2021-02-23 20:23:58,"grenwi",2021-02-23 20:47:00,"admin",""
"877cd6cf-4ad3-416b-a916-48428e4b850c","Parlamentarier","EU-Parlament","Sergey Lagodinsky","GRÜNE","<U+FEFF>G–EFA","Bundesgebiet","","https://de.wikipedia.org/wiki/Datei:Sergey_Lagodinsky.jpg","https://de.wikipedia.org/wiki/Sergey_Lagodinsky","männlich","SLagodinsky",436470131,2021-02-23 20:23:58,"grenwi",2021-02-23 20:47:00,"admin",""
"d64bae2c-cc30-4a76-bea9-4f233fa8cdb4","Parlamentarier","EU-Parlament","Bernd Lange","SPD","<U+FEFF>S&D","Bundesgebiet","","https://de.wikipedia.org/wiki/Datei:Lange,_Bernd-9242.jpg","https://de.wikipedia.org/wiki/Bernd_Lange_(Politiker,_1955)","männlich","berndlange",17576181,2021-02-23 20:23:58,"grenwi",2021-02-23 20:47:00,"admin",""
"640bd99d-e4b0-46f8-b788-c113fd4a3c76","Parlamentarier","EU-Parlament","Katrin Langensiepen","GRÜNE","<U+FEFF>G–EFA","Bundesgebiet","","https://de.wikipedia.org/wiki/Datei:Katrin_Langensiepen,_Sozialpolitische_Sprecherin_der_Fraktion_B%C3%BCndnis_90_Die_Gr%C3%BCnen_im_Rat_der_Landeshauptstadt_Hannover.jpg","https://de.wikipedia.org/wiki/Katrin_Langensiepen","weiblich","k_langensiepen",950392790,2021-02-23 20:23:58,"grenwi",2021-02-23 20:47:00,"admin",""
"4fbc7ada-aa06-4de8-8ad3-0d92037c8cbb","Parlamentarier","EU-Parlament","Peter Liese","CDU","<U+FEFF>EPP","Nordrhein-Westfalen","","https://de.wikipedia.org/wiki/Datei:Peter_Liese_2018.jpg","https://de.wikipedia.org/wiki/Peter_Liese","männlich","peterliese",42590805,2021-02-23 20:23:58,"grenwi",2021-02-23 20:47:00,"admin",""
"4d198674-06da-44fb-afde-820e3579880c","Parlamentarier","EU-Parlament","Sylvia Limmer","AfD","<U+FEFF>ID","Bundesgebiet","","https://de.wikipedia.org/wiki/Datei:Silver_-_replace_this_image_female.svg","https://de.wikipedia.org/wiki/Sylvia_Limmer","weiblich","",NA,2021-02-23 20:23:58,"grenwi",2021-02-23 20:47:00,"admin",""
"45b07e10-8e2a-465a-8289-1d0cbe4ddbe4","Parlamentarier","EU-Parlament","Norbert Lins","CDU","<U+FEFF>EPP","Baden-Württemberg","","https://de.wikipedia.org/wiki/Datei:Norbert_Lins_EP_1.jpg","https://de.wikipedia.org/wiki/Norbert_Lins","männlich","",NA,2021-02-23 20:23:58,"grenwi",2021-02-23 20:47:00,"admin",""
"9b75b908-28aa-4ec5-afd8-7e784c6dfff5","Parlamentarier","EU-Parlament","Erik Marquardt","GRÜNE","<U+FEFF>G–EFA","Bundesgebiet","","https://de.wikipedia.org/wiki/Datei:Erik_Marquardt_(48836561562)_(cropped).jpg","https://de.wikipedia.org/wiki/Erik_Marquardt","männlich","ErikMarquardt",149441850,2021-02-23 20:23:58,"grenwi",2021-02-23 20:47:00,"admin",""
"73794869-2a92-4631-bc2b-c015f2a281f8","Parlamentarier","EU-Parlament","David McAllister","CDU","<U+FEFF>EPP","Niedersachsen","","https://de.wikipedia.org/wiki/Datei:2016-12-06_David_McAllister_CDU_Parteitag_by_Olaf_Kosinsky-14.jpg","https://de.wikipedia.org/wiki/David_McAllister",NA,NA,NA,NA,NA,2021-02-23 20:47:00,"admin",""
"51c380a9-1fe5-4f9a-b740-c3de431d7f04","Parlamentarier","EU-Parlament","Jörg Meuthen","AfD","<U+FEFF>ID","Bundesgebiet","","https://de.wikipedia.org/wiki/Datei:2017-04-23_AfD_Bundesparteitag_in_K%C3%B6ln_-17_(cropped).jpg","https://de.wikipedia.org/wiki/J%C3%B6rg_Meuthen","männlich","Joerg_Meuthen",710201540116652032,2021-02-23 20:23:58,"grenwi",2021-02-23 20:47:00,"admin",""
"df931b8c-c116-4eaf-9085-43db329d25e3","Parlamentarier","EU-Parlament","Martina Michels","LINKE","<U+FEFF>GUE-NGL","Bundesgebiet","","https://de.wikipedia.org/wiki/Datei:Michels_Martina_2014-02-04_2.jpg","https://de.wikipedia.org/wiki/Martina_Michels","weiblich","martina_michels",3292756634,2021-02-23 20:23:58,"grenwi",2021-02-23 20:47:00,"admin",""
"5d5bc593-9e9c-4141-b48f-84d631838e89","Parlamentarier","EU-Parlament","Marlene Mortler","CSU","<U+FEFF>EPP","Bayern","","https://de.wikipedia.org/wiki/Datei:Marlene_Mortler_2012.jpg","https://de.wikipedia.org/wiki/Marlene_Mortler",NA,NA,NA,NA,NA,2021-02-23 20:47:00,"admin",""
"04dcc228-4cb4-41ab-a146-40067b2118db","Parlamentarier","EU-Parlament","Ulrike Müller","FW","<U+FEFF>RE","Bundesgebiet","","https://de.wikipedia.org/wiki/Datei:Ulrike_M%C3%BCller_2012_-_RalfR.jpg","https://de.wikipedia.org/wiki/Ulrike_M%C3%BCller_(Politikerin)","weiblich","UliMuellerMdEP",612717643,2021-02-23 20:23:58,"grenwi",2021-02-23 20:47:00,"admin",""
"0fafa7c9-e985-4d73-aef2-0af1c091ad96","Parlamentarier","EU-Parlament","Hannah Neumann","GRÜNE","<U+FEFF>G–EFA","Bundesgebiet","","https://de.wikipedia.org/wiki/Datei:2019-04-13_Hannah_Neumann_by_Olaf_Kosinsky-0535.jpg","https://de.wikipedia.org/wiki/Hannah_Neumann","weiblich","HNeumannMEP",828566340365643776,2021-02-23 20:23:58,"grenwi",2021-02-23 20:47:00,"admin",""
"3207a612-ee0c-4c64-b63a-4757a71f0ec0","Parlamentarier","EU-Parlament","Norbert Neuser","SPD","<U+FEFF>S&D","Bundesgebiet","","https://de.wikipedia.org/wiki/Datei:Neuser,_Norbert-0022.jpg","https://de.wikipedia.org/wiki/Norbert_Neuser","männlich","",NA,2021-02-23 20:23:58,"grenwi",2021-02-23 20:47:00,"admin",""
"61486eee-9c62-4312-aae3-d170fb629176","Parlamentarier","EU-Parlament","Angelika Niebler","CSU","<U+FEFF>EPP","Bayern","","https://de.wikipedia.org/wiki/Datei:Niebler,_Angelika-1257.jpg","https://de.wikipedia.org/wiki/Angelika_Niebler","weiblich","ANiebler",886420428,2021-02-23 20:23:58,"grenwi",2021-02-23 20:47:00,"admin",""
"cb6b320f-c97f-4968-8ea1-a7b6d34c11ae","Parlamentarier","EU-Parlament","Niklas Nienaß","GRÜNE","<U+FEFF>G–EFA","Bundesgebiet","","https://de.wikipedia.org/wiki/Datei:Silver_-_replace_this_image_male.svg","https://de.wikipedia.org/wiki/Niklas_Niena%C3%9F","männlich","nnienass",147947516,2021-02-23 20:23:58,"grenwi",2021-02-23 20:47:00,"admin",""
"b365a52c-2a61-452a-8747-ac157884c974","Parlamentarier","EU-Parlament","Maria Noichl","SPD","<U+FEFF>S&D","Bundesgebiet","","https://de.wikipedia.org/wiki/Datei:2018-12-09_Maria_Noichl_SPD_Europadelegiertenkonferenz_2717.jpg","https://de.wikipedia.org/wiki/Maria_Noichl","weiblich","MariaNoichl",1070701588598218752,2021-02-23 20:23:58,"grenwi",2021-02-23 20:47:00,"admin",""
"772fda79-0cf5-4302-b958-c2aa158ce211","Parlamentarier","EU-Parlament","Jan-Christoph Oetjen","FDP","<U+FEFF>RE","Bundesgebiet","","https://de.wikipedia.org/wiki/Datei:Oetjen,_Jan-Christoph.jpg","https://de.wikipedia.org/wiki/Jan-Christoph_Oetjen","männlich","jcoetjen",370708213,2021-02-23 20:23:58,"grenwi",2021-02-23 20:47:00,"admin",""
"9b7b7128-55cb-450d-b6ac-266698f922a5","Parlamentarier","EU-Parlament","Jutta Paulus","GRÜNE","<U+FEFF>G–EFA","Bundesgebiet","","https://de.wikipedia.org/wiki/Datei:Pressefoto_JuttaPaulus_2017.jpg","https://de.wikipedia.org/wiki/Jutta_Paulus","weiblich","JuttaPaulusRLP",433766266,2021-02-23 20:23:58,"grenwi",2021-02-23 20:47:00,"admin",""
"0e49bda3-c9b2-4ec0-94b3-96d1a8ca0182","Parlamentarier","EU-Parlament","Markus Pieper","CDU","<U+FEFF>EPP","Nordrhein-Westfalen","","https://de.wikipedia.org/wiki/Datei:Dr._Markus_Pieper_MdEP.jpg","https://de.wikipedia.org/wiki/Markus_Pieper_(Politiker)","männlich","markuspieperMEP",2979616235,2021-02-23 20:23:58,"grenwi",2021-02-23 20:47:00,"admin",""
"5edcff0d-69a9-42d0-9b2d-f88b6d2b2dfc","Parlamentarier","EU-Parlament","Dennis Radtke","CDU","<U+FEFF>EPP","Nordrhein-Westfalen","","https://de.wikipedia.org/wiki/Datei:Marianne_Thyssen_und_Dennis_Radtke_MdEP..jpg","https://de.wikipedia.org/wiki/Dennis_Radtke","männlich","RadtkeMdEP",922398725183623168,2021-02-23 20:23:58,"grenwi",2021-02-23 20:47:00,"admin",""
"3fe98688-d16a-414a-b2b8-3ad648a09405","Parlamentarier","EU-Parlament","Guido Reil","AfD","<U+FEFF>ID","Bundesgebiet","","https://de.wikipedia.org/wiki/Datei:Guido_Reil.jpg","https://de.wikipedia.org/wiki/Guido_Reil","männlich","GuidoReil",802958013644632064,2021-02-23 20:23:58,"grenwi",2021-02-23 20:47:00,"admin",""
"9d177efc-f522-4738-875a-15aa98135717","Parlamentarier","EU-Parlament","Theresa Reintke","GRÜNE","<U+FEFF>G–EFA","Bundesgebiet","","https://de.wikipedia.org/wiki/Datei:Terry_REINTKE_-_English_part_-_Citizens%E2%80%99_Corner_debate_on_minimum_wage-_Do_we_need_minimum_wages_in_the_EU%3F_(17230480998).jpg","https://de.wikipedia.org/wiki/Theresa_Reintke","weiblich","TerryReintke",560188351,2021-02-23 20:23:58,"grenwi",2021-02-23 20:47:00,"admin",""
"5d9cd1d2-c5ef-48d4-8b27-fb4c4013384a","Parlamentarier","EU-Parlament","Manuela Ripa","ÖDP","<U+FEFF>G–EFA","Bundesgebiet","nachgerückt am 15. Juli 2020 für Klaus Buchner","https://de.wikipedia.org/wiki/Datei:Silver_-_replace_this_image_male.svg","https://de.wikipedia.org/wiki/Manuela_Ripa",NA,NA,NA,NA,NA,2021-02-23 20:47:00,"admin",""
"6bf865f8-f813-49f5-bb49-63c83ef70f56","Parlamentarier","EU-Parlament","Martin Schirdewan","LINKE","<U+FEFF>GUE-NGL","Bundesgebiet","Fraktionsvorsitzender","https://de.wikipedia.org/wiki/Datei:Martin_Schirdewan,_Parteitag_Bonn_2019.jpg","https://de.wikipedia.org/wiki/Martin_Schirdewan","männlich","schirdewan",743724264,2021-02-23 20:23:58,"grenwi",2021-02-23 20:47:00,"admin",""
"65c159a9-5f84-40ae-9f0c-f293c8fae88d","Parlamentarier","EU-Parlament","Christine Schneider","CDU","<U+FEFF>EPP","Rheinland-Pfalz","","https://de.wikipedia.org/wiki/Datei:Christine_Schneider_2015.jpg","https://de.wikipedia.org/wiki/Christine_Schneider_(Politikerin)","weiblich","ChSchneider",56136971,2021-02-23 20:23:58,"grenwi",2021-02-23 20:47:00,"admin",""
"b98025ee-8f60-4516-9526-d41fe33d4f0c","Parlamentarier","EU-Parlament","Helmut Scholz","LINKE","<U+FEFF>GUE-NGL","Bundesgebiet","","https://de.wikipedia.org/wiki/Datei:Scholz,_Helmut-2539.jpg","https://de.wikipedia.org/wiki/Helmut_Scholz_(Politiker,_1954)","männlich","HelmutScholzMEP",2449051215,2021-02-23 20:23:58,"grenwi",2021-02-23 20:47:00,"admin",""
"54893d87-2ced-4fc8-9e86-449f2ecb0b99","Parlamentarier","EU-Parlament","Sven Schulze","CDU","<U+FEFF>EPP","Sachsen-Anhalt","","https://de.wikipedia.org/wiki/Datei:Pressefoto_Sven_Schulze_-_Europaparlament.jpg","https://de.wikipedia.org/wiki/Sven_Schulze","männlich","schulzeeuropa",2339095172,2021-02-23 20:23:58,"grenwi",2021-02-23 20:47:00,"admin",""
"c2c99c01-584a-4d5f-9a4f-1754c5eb7275","Parlamentarier","EU-Parlament","Joachim Schuster","SPD","<U+FEFF>S&D","Bundesgebiet","","https://de.wikipedia.org/wiki/Datei:2018-12-09_SPD_Europadelegiertenkonferenz_Joachim_Schuster_2877.jpg","https://de.wikipedia.org/wiki/Joachim_Schuster","männlich","Schuster_MdEP",1154675761414070272,2021-02-23 20:23:58,"grenwi",2021-02-23 20:47:00,"admin",""
"e4f73a3e-14b9-4ce8-8d37-4d468030199c","Parlamentarier","EU-Parlament","Andreas Schwab","CDU","<U+FEFF>EPP","Baden-Württemberg","","https://de.wikipedia.org/wiki/Datei:Schwab,_Andreas-9524.jpg","https://de.wikipedia.org/wiki/Andreas_Schwab_(Politiker)","männlich","Andreas_Schwab",31099936,2021-02-23 20:23:58,"grenwi",2021-02-23 20:47:00,"admin",""
"07ee7831-b0fd-48bc-9826-ba1b9e65b397","Parlamentarier","EU-Parlament","Ralf Seekatz","CDU","<U+FEFF>EPP","Rheinland-Pfalz","","https://de.wikipedia.org/wiki/Datei:2016-11-17_-_Ralf_Seekatz_-_0428.jpg","https://de.wikipedia.org/wiki/Ralf_Seekatz","männlich","",NA,2021-02-23 20:23:58,"grenwi",2021-02-23 20:47:00,"admin",""
"b7fac6c6-9d78-4ffb-ab4e-02feb6597a7a","Parlamentarier","EU-Parlament","Nico Semsrott","Parteilos","<U+FEFF>G–EFA","Bundesgebiet","Parteiaustritt aus Die PARTEI am 13. Januar 2021[2]","https://de.wikipedia.org/wiki/Datei:2018_Nico_Semsrott_-_by_2eight_-_DSC9507.jpg","https://de.wikipedia.org/wiki/Nico_Semsrott","männlich","nicosemsrott",225761424,2021-02-23 20:23:58,"grenwi",2021-02-23 20:47:00,"admin",""
"2f4bb14f-33c8-4fea-9e9d-6ae16c7e5d0b","Parlamentarier","EU-Parlament","Sven Simon","CDU","<U+FEFF>EPP","Hessen","","https://de.wikipedia.org/wiki/Datei:Silver_-_replace_this_image_male.svg","https://de.wikipedia.org/wiki/Sven_Simon_(Jurist)","männlich","svensimon",19207204,2021-02-23 20:23:58,"grenwi",2021-02-23 20:47:00,"admin",""
"9b5f1025-63dc-4791-b0d0-f8a2322273e1","Parlamentarier","EU-Parlament","Birgit Sippel","SPD","<U+FEFF>S&D","Bundesgebiet","","https://de.wikipedia.org/wiki/Datei:20140212_Portrait_Birgit_Sippel.JPG","https://de.wikipedia.org/wiki/Birgit_Sippel","weiblich","BirgitSippelMEP",1580316804,2021-02-23 20:23:58,"grenwi",2021-02-23 20:47:00,"admin",""
"d273e8eb-17e7-46f8-b6c2-8ada161c717d","Parlamentarier","EU-Parlament","Martin Sonneborn","PARTEI","<U+FEFF>NI","Bundesgebiet","","https://de.wikipedia.org/wiki/Datei:2014-07-01-Europaparlament_by_Olaf_Kosinsky_-122.jpg","https://de.wikipedia.org/wiki/Martin_Sonneborn","männlich","MartinSonneborn",20463983,2021-02-23 20:23:58,"grenwi",2021-02-23 20:47:00,"admin",""
"6ea000a0-93bb-44ec-bce1-0b5427e21675","Parlamentarier","EU-Parlament","Sabine Verheyen","CDU","<U+FEFF>EPP","Nordrhein-Westfalen","","https://de.wikipedia.org/wiki/Datei:Verheyen,_Sabine-9440.jpg","https://de.wikipedia.org/wiki/Sabine_Verheyen","weiblich","sabineverheyen",2606242467,2021-02-23 20:23:58,"grenwi",2021-02-23 20:47:00,"admin",""
"304ae7e5-f679-4a0c-be44-eada33369af4","Parlamentarier","EU-Parlament","Axel Voss","CDU","<U+FEFF>EPP","Nordrhein-Westfalen","","https://de.wikipedia.org/wiki/Datei:2018-07-04_Axel_Voss,_MEP-0456.jpg","https://de.wikipedia.org/wiki/Axel_Voss","männlich","AxelVossMdEP",246295381,2021-02-23 20:23:58,"grenwi",2021-02-23 20:47:00,"admin",""
"2b866f05-8c7a-4177-856a-86e1f60fbe0f","Parlamentarier","EU-Parlament","Marion Walsmann","CDU","<U+FEFF>EPP","Thüringen","","https://de.wikipedia.org/wiki/Datei:Marion_Walsmann.jpg","https://de.wikipedia.org/wiki/Marion_Walsmann","weiblich","MarionWalsmann",576234213,2021-02-23 20:23:58,"grenwi",2021-02-23 20:47:00,"admin",""
"1f985d98-3f04-49ee-b18d-296dcff9e2f5","Parlamentarier","EU-Parlament","Manfred Weber","CSU","<U+FEFF>EPP","Bayern","Fraktionsvorsitzender","https://de.wikipedia.org/wiki/Datei:2018-04-20_Manfred_Weber_797.JPG","https://de.wikipedia.org/wiki/Manfred_Weber_(Politiker)","männlich","ManfredWeber",20399735,2021-02-23 20:23:58,"grenwi",2021-02-23 20:47:00,"admin",""
"3a1c11cf-7f92-4d78-ba1e-acc238ac2371","Parlamentarier","EU-Parlament","Rainer Wieland","CDU","<U+FEFF>EPP","Baden-Württemberg","Stv. Parlamentspräsident","https://de.wikipedia.org/wiki/Datei:Portrait_Rainer_Wieland.JPG","https://de.wikipedia.org/wiki/Rainer_Wieland","männlich","",NA,2021-02-23 20:23:58,"grenwi",2021-02-23 20:47:00,"admin",""
"436521b8-d449-4210-a923-d19a9196641b","Parlamentarier","EU-Parlament","Tiemo Wölken","SPD","<U+FEFF>S&D","Bundesgebiet","","https://de.wikipedia.org/wiki/Datei:Silver_-_replace_this_image_male.svg","https://de.wikipedia.org/wiki/Tiemo_W%C3%B6lken","männlich","woelken",18174975,2021-02-23 20:23:58,"grenwi",2021-02-23 20:47:00,"admin",""
"905eec63-3575-49df-b1f7-03809d3c3b2f","Parlamentarier","EU-Parlament","Bernhard Zimniok","AfD","<U+FEFF>ID","Bundesgebiet","","https://de.wikipedia.org/wiki/Datei:Silver_-_replace_this_image_male.svg","https://de.wikipedia.org/wiki/Bernhard_Zimniok","männlich","",NA,2021-02-23 20:23:58,"grenwi",2021-02-23 20:47:00,"admin",""
