Name,Fraktion,Wahlkreis,Kommentar,Bild,Wikipedia-URL
Muhterem Aras,GRÜNE,01 Stuttgart I,Landtagspräsidentin,https://de.wikipedia.org/wiki/Datei:135228_Muhterem_WK2016n_K%C3%B6nigsbau-600x902.jpg,https://de.wikipedia.org/wiki/Muhterem_Aras
Rainer Balzer,AfD,29 Bruchsal,6. Juli bis 11. Oktober 2016 Mitglied der Fraktion ABW,https://de.wikipedia.org/wiki/Datei:Image_of_none.svg,https://de.wikipedia.org/wiki/Rainer_Balzer
Anton Baron,AfD,21 Hohenlohe,5. Juli bis 11. Oktober 2016 Mitglied der Fraktion ABW[4],https://de.wikipedia.org/wiki/Datei:Image_of_none.svg,https://de.wikipedia.org/wiki/Anton_Baron
Theresia Bauer,GRÜNE,34 Heidelberg,,https://de.wikipedia.org/wiki/Datei:Theresia_Bauer.jpg,https://de.wikipedia.org/wiki/Theresia_Bauer
Christina Baum,AfD,23 Main-Tauber,,https://de.wikipedia.org/wiki/Datei:Image_of_none.svg,https://de.wikipedia.org/wiki/Christina_Baum
Susanne Bay,GRÜNE,18 Heilbronn,,https://de.wikipedia.org/wiki/Datei:Image_of_none.svg,https://de.wikipedia.org/wiki/Susanne_Bay
Norbert Beck,CDU,45 Freudenstadt,,https://de.wikipedia.org/wiki/Datei:Image_of_none.svg,https://de.wikipedia.org/wiki/Norbert_Beck
Alexander Becker,CDU,32 Rastatt,nachgerückt am 1. April 2019 für Sylvia Felder,https://de.wikipedia.org/wiki/Datei:Image_of_none.svg,https://de.wikipedia.org/wiki/Alexander_Becker_(Musikwissenschaftler)
Hans-Peter Behrens,GRÜNE,33 Baden-Baden,nachgerückt am 1. November 2019 für Beate Böhlen,https://de.wikipedia.org/wiki/Datei:Image_of_none.svg,https://de.wikipedia.org/wiki/Hans-Peter_Behrens
Sascha Binder,SPD,11 Geislingen,,https://de.wikipedia.org/wiki/Datei:Sascha-binder-mdl-bw.png,https://de.wikipedia.org/wiki/Sascha_Binder
Thomas Blenke,CDU,43 Calw,,https://de.wikipedia.org/wiki/Datei:Image_of_none.svg,https://de.wikipedia.org/wiki/Thomas_Blenke
Andrea Bogner-Unden,GRÜNE,70 Sigmaringen,,https://de.wikipedia.org/wiki/Datei:Image_of_none.svg,https://de.wikipedia.org/wiki/Andrea_Bogner-Unden
Daniel Born,SPD,40 Schwetzingen,,"https://de.wikipedia.org/wiki/Datei:Daniel_Born,_MdL.jpg",https://de.wikipedia.org/wiki/Daniel_Born
Sandra Boser,GRÜNE,50 Lahr,,https://de.wikipedia.org/wiki/Datei:Sandra_Boser_2015.jpg,https://de.wikipedia.org/wiki/Sandra_Boser
Stephen Brauer,FDP/DVP,22 Schwäbisch Hall,nachgerückt am 1. August 2018 für Friedrich Bullinger,https://de.wikipedia.org/wiki/Datei:Image_of_none.svg,https://de.wikipedia.org/wiki/Stephen_Brauer
Martina Braun,GRÜNE,54 Villingen-Schwenningen,,https://de.wikipedia.org/wiki/Datei:Image_of_none.svg,https://de.wikipedia.org/wiki/Martina_Braun
Klaus Burger,CDU,70 Sigmaringen,,https://de.wikipedia.org/wiki/Datei:N3S_8735-Klaus_Burger.jpg,https://de.wikipedia.org/wiki/Klaus_Burger
Andreas Deuschle,CDU,07 Esslingen,,https://de.wikipedia.org/wiki/Datei:Andreas_Deuschle_2013-by-RaBoe_1.jpg,https://de.wikipedia.org/wiki/Andreas_Deuschle
Thomas Dörflinger,CDU,66 Biberach,,https://de.wikipedia.org/wiki/Datei:Image_of_none.svg,"https://de.wikipedia.org/wiki/Thomas_D%C3%B6rflinger_(Politiker,_1969)"
Konrad Epple,CDU,13 Vaihingen,,https://de.wikipedia.org/wiki/Datei:N3S_8773-Konrad_Epple.JPG,https://de.wikipedia.org/wiki/Konrad_Epple
Nese Erikli,GRÜNE,56 Konstanz,,https://de.wikipedia.org/wiki/Datei:21_Nese-Erikli_Konstanz_(9555289052).jpg,https://de.wikipedia.org/wiki/Nese_Erikli
Arnulf Freiherr von Eyb,CDU,21 Hohenlohe,,"https://de.wikipedia.org/wiki/Datei:2013-05-15_16_-_Eyb,_Arnulf_Freiherr_von,_MdL_-_LTBW_-_5350.jpg",https://de.wikipedia.org/wiki/Arnulf_Freiherr_von_Eyb
Heinrich Fiechtner,fraktionslos,10 Göppingen,5. Juli bis 11. Oktober 2016 Mitglied der Fraktion ABW[4]Am 24. November 2017 Austritt aus der AfD-Fraktion und der Partei,https://de.wikipedia.org/wiki/Datei:Heinrich_Fiechtner_privat.jpg,https://de.wikipedia.org/wiki/Heinrich_Fiechtner
Jürgen Filius,GRÜNE,64 Ulm,,https://de.wikipedia.org/wiki/Datei:J%C3%BCrgen_Filius_8692.JPG,https://de.wikipedia.org/wiki/J%C3%BCrgen_Filius
Nicolas Fink,SPD,07 Esslingen,nachgerückt am 1. Januar 2019 für Wolfgang Drexler,https://de.wikipedia.org/wiki/Datei:Image_of_none.svg,https://de.wikipedia.org/wiki/Nicolas_Fink_(Politiker)
Rudi Fischer,FDP/DVP,61 Hechingen-Münsingen,nachgerückt am 11. Juli 2019 für Andreas Glück,https://de.wikipedia.org/wiki/Datei:Image_of_none.svg,https://de.wikipedia.org/wiki/Rudi_Fischer_(Politiker)
Josha Frey,GRÜNE,58 Lörrach,,https://de.wikipedia.org/wiki/Datei:N3S_8708-Josef_Frey.JPG,https://de.wikipedia.org/wiki/Josha_Frey
Stefan Fulst-Blei,SPD,35 Mannheim I,,https://de.wikipedia.org/wiki/Datei:Stefan-fulst-blei-mdl-bw.png,https://de.wikipedia.org/wiki/Stefan_Fulst-Blei
Reinhold Gall,SPD,20 Neckarsulm,,https://de.wikipedia.org/wiki/Datei:Reinhold-gall-mdl-bw.png,https://de.wikipedia.org/wiki/Reinhold_Gall
Wolfgang Gedeon,fraktionslos,57 Singen,"am 5. Juli 2016 aus der AfD-Fraktion ausgetreten,[5] im März 2020 Parteiausschluss",https://de.wikipedia.org/wiki/Datei:AfD-Demo-Raepple-Gedeon_5_(cropped).png,https://de.wikipedia.org/wiki/Wolfgang_Gedeon
Marion Gentges,CDU,50 Lahr,,https://de.wikipedia.org/wiki/Datei:Image_of_none.svg,https://de.wikipedia.org/wiki/Marion_Gentges
Bernd Gögel,AfD,44 Enz,,https://de.wikipedia.org/wiki/Datei:Image_of_none.svg,https://de.wikipedia.org/wiki/Bernd_G%C3%B6gel
Ulrich Goll,FDP/DVP,15 Waiblingen,,https://de.wikipedia.org/wiki/Datei:2013-05-16_Ulrich_Goll_9391-crop.JPG,https://de.wikipedia.org/wiki/Ulrich_Goll
Fabian Gramling,CDU,14 Bietigheim-Bissingen,,https://de.wikipedia.org/wiki/Datei:Fabian_Gramling.jpg,https://de.wikipedia.org/wiki/Fabian_Gramling
Martin Grath,GRÜNE,24 Heidenheim,,https://de.wikipedia.org/wiki/Datei:Image_of_none.svg,https://de.wikipedia.org/wiki/Martin_Grath
Bernd Grimmer,AfD,42 Pforzheim,,https://de.wikipedia.org/wiki/Datei:2015-01-17_3819_Bernd_Grimmer_(Landesparteitag_AfD_Baden-W%C3%BCrttemberg).jpg,https://de.wikipedia.org/wiki/Bernd_Grimmer
Gernot Gruber,SPD,17 Backnang,,https://de.wikipedia.org/wiki/Datei:2013-05-16_Gernot_Gruber_8499-crop.JPG,https://de.wikipedia.org/wiki/Gernot_Gruber_(Politiker)
Friedlinde Gurr-Hirsch,CDU,19 Eppingen,,https://de.wikipedia.org/wiki/Datei:Friedlinde_Gurr-Hirsch_8656.JPG,https://de.wikipedia.org/wiki/Friedlinde_Gurr-Hirsch
Petra Häffner,GRÜNE,16 Schorndorf,,https://de.wikipedia.org/wiki/Datei:Petra_H%C3%A4ffner_8439.JPG,https://de.wikipedia.org/wiki/Petra_H%C3%A4ffner
Manuel Hagel,CDU,65 Ehingen,,https://de.wikipedia.org/wiki/Datei:Image_of_none.svg,https://de.wikipedia.org/wiki/Manuel_Hagel
Martin Hahn,GRÜNE,67 Bodensee,,https://de.wikipedia.org/wiki/Datei:Image_of_none.svg,https://de.wikipedia.org/wiki/Martin_Hahn_(Politiker)
Willi Halder,GRÜNE,15 Waiblingen,,https://de.wikipedia.org/wiki/Datei:Image_of_none.svg,https://de.wikipedia.org/wiki/Willi_Halder
Sabine Hartmann-Müller,CDU,59 Waldshut,nachgerückt am 25. Oktober 2017 für Felix Schreiner,https://de.wikipedia.org/wiki/Datei:Image_of_none.svg,https://de.wikipedia.org/wiki/Sabine_Hartmann-M%C3%BCller
Raimund Haser,CDU,68 Wangen,,https://de.wikipedia.org/wiki/Datei:Image_of_none.svg,https://de.wikipedia.org/wiki/Raimund_Haser
Peter Hauk,CDU,38 Neckar-Odenwald,,"https://de.wikipedia.org/wiki/Datei:2013-05-15_16_-_Hauk,_Peter,_MdL_-_LTBW_-_4610.jpg",https://de.wikipedia.org/wiki/Peter_Hauk
Jochen Haußmann,FDP/DVP,16 Schorndorf,,https://de.wikipedia.org/wiki/Datei:Jochen_Hau%C3%9Fmann_8927.JPG,https://de.wikipedia.org/wiki/Jochen_Hau%C3%9Fmann
Thomas Hentschel,GRÜNE,32 Rastatt,nachgerückt am 5. August 2016 für Kirsten Lehnig,https://de.wikipedia.org/wiki/Datei:Image_of_none.svg,https://de.wikipedia.org/wiki/Thomas_Hentschel
Winfried Hermann,GRÜNE,02 Stuttgart II,,"https://de.wikipedia.org/wiki/Datei:2013-05-15_16_-_Hermann,_Winfried,_MdL_-_LTBW_-_4738.jpg",https://de.wikipedia.org/wiki/Winfried_Hermann
Stefan Herre,fraktionslos,63 Balingen,5. Juli bis 11. Oktober 2016 Mitglied der Fraktion ABW[4]  Am 29. November 2019 Austritt aus der AfD-Fraktion und der Partei[3],https://de.wikipedia.org/wiki/Datei:Image_of_none.svg,https://de.wikipedia.org/wiki/Stefan_Herre_(Politiker)
Rainer Hinderer,SPD,18 Heilbronn,,https://de.wikipedia.org/wiki/Datei:Rainer_Hinderer_8733.JPG,https://de.wikipedia.org/wiki/Rainer_Hinderer
Ulli Hockenberger,CDU,29 Bruchsal,,https://de.wikipedia.org/wiki/Datei:Image_of_none.svg,https://de.wikipedia.org/wiki/Ulli_Hockenberger
Peter Hofelich,SPD,10 Göppingen,,https://de.wikipedia.org/wiki/Datei:Peter-hofelich-mdl-bw.png,https://de.wikipedia.org/wiki/Peter_Hofelich
Nicole Hoffmeister-Kraut,CDU,63 Balingen,,https://de.wikipedia.org/wiki/Datei:2019_Schwoermontag_Hoffmeister-Kraut.jpg,https://de.wikipedia.org/wiki/Nicole_Hoffmeister-Kraut
Klaus Hoher,FDP/DVP,67 Bodensee,,https://de.wikipedia.org/wiki/Datei:Image_of_none.svg,https://de.wikipedia.org/wiki/Klaus_Hoher
Isabell Huber,CDU,20 Neckarsulm,nachgerückt am 22. Januar 2019 für Bernhard Lasotta,https://de.wikipedia.org/wiki/Datei:Image_of_none.svg,https://de.wikipedia.org/wiki/Isabell_Huber
Daniel Karrais,FDP/DVP,53 Rottweil,nachgerückt am 13. November 2018 für Gerhard Aden,https://de.wikipedia.org/wiki/Datei:Image_of_none.svg,https://de.wikipedia.org/wiki/Daniel_Karrais
Hermann Katzenstein,GRÜNE,41 Sinsheim,,https://de.wikipedia.org/wiki/Datei:Image_of_none.svg,https://de.wikipedia.org/wiki/Hermann_Katzenstein
Jürgen Keck,FDP/DVP,56 Konstanz,,https://de.wikipedia.org/wiki/Datei:Image_of_none.svg,https://de.wikipedia.org/wiki/J%C3%BCrgen_Keck
Andreas Kenner,SPD,08 Kirchheim,,https://de.wikipedia.org/wiki/Datei:Image_of_none.svg,https://de.wikipedia.org/wiki/Andreas_Kenner
Manfred Kern,GRÜNE,40 Schwetzingen,,"https://de.wikipedia.org/wiki/Datei:2013-05-15_16_-_Kern,_Manfred,_MdL_-_LTBW_-_5052.jpg",https://de.wikipedia.org/wiki/Manfred_Kern_(Politiker)
Timm Kern,FDP/DVP,45 Freudenstadt,,https://de.wikipedia.org/wiki/Datei:Timm_72.jpg,https://de.wikipedia.org/wiki/Timm_Kern
Karl Klein,CDU,37 Wiesloch,,https://de.wikipedia.org/wiki/Datei:Image_of_none.svg,https://de.wikipedia.org/wiki/Karl_Klein_(Politiker)
Gerhard Kleinböck,SPD,39 Weinheim,,https://de.wikipedia.org/wiki/Datei:Gerhard-kleinboeck-mdl-bw.png,https://de.wikipedia.org/wiki/Gerhard_Kleinb%C3%B6ck
Wilfried Klenk,CDU,17 Backnang,Vizepräsident (bis April 2018),https://de.wikipedia.org/wiki/Datei:Landtagspr%C3%A4sident_Wilfried_Klenk.jpg,https://de.wikipedia.org/wiki/Wilfried_Klenk
Rüdiger Klos,AfD,35 Mannheim I,,https://de.wikipedia.org/wiki/Datei:Image_of_none.svg,https://de.wikipedia.org/wiki/R%C3%BCdiger_Klos
Joachim Kößler,CDU,30 Bretten,,https://de.wikipedia.org/wiki/Datei:Joachim_K%C3%B6%C3%9Fler_8565.JPG,https://de.wikipedia.org/wiki/Joachim_K%C3%B6%C3%9Fler
Petra Krebs,GRÜNE,68 Wangen,,https://de.wikipedia.org/wiki/Datei:Image_of_none.svg,https://de.wikipedia.org/wiki/Petra_Krebs
Winfried Kretschmann,GRÜNE,09 Nürtingen,,https://de.wikipedia.org/wiki/Datei:Im_Gespr%C3%A4ch_Sylvia_L%C3%B6hrmann_und_Winfried_Kretschmann_(2).jpg,https://de.wikipedia.org/wiki/Winfried_Kretschmann
Sabine Kurtz,CDU,06 Leonberg,Vizepräsidentin (seit 25. April 2018),https://de.wikipedia.org/wiki/Datei:Image_of_none.svg,https://de.wikipedia.org/wiki/Sabine_Kurtz
Daniel Lede Abal,GRÜNE,62 Tübingen,,"https://de.wikipedia.org/wiki/Datei:2013-05-15_16_-_Lede_Abal,_Daniel_Andreas,_MdL_-_LTBW_-_5191.jpg",https://de.wikipedia.org/wiki/Daniel_Lede_Abal
Ute Leidig,GRÜNE,27 Karlsruhe I,nachgerückt am 1. Februar 2019 für Bettina Lisbach,https://de.wikipedia.org/wiki/Datei:Image_of_none.svg,https://de.wikipedia.org/wiki/Ute_Leidig
Andrea Lindlohr,GRÜNE,07 Esslingen,,https://de.wikipedia.org/wiki/Datei:Andrea_Lindlohr_by_Stepro_IMG_1993_DxO.jpg,https://de.wikipedia.org/wiki/Andrea_Lindlohr
Christine Lipp-Wahl,GRÜNE,10 Göppingen,nachgerückt am 1. Januar 2021 für Alexander Maier,https://de.wikipedia.org/wiki/Datei:Image_of_none.svg,https://de.wikipedia.org/wiki/Christine_Lipp-Wahl
Siegfried Lorek,CDU,15 Waiblingen,,https://de.wikipedia.org/wiki/Datei:Image_of_none.svg,https://de.wikipedia.org/wiki/Siegfried_Lorek
Brigitte Lösch,GRÜNE,04 Stuttgart IV,,"https://de.wikipedia.org/wiki/Datei:2013-05-15_16_-_L%C3%B6sch,_Brigitte,_MdL_-_LTBW_-_4920.jpg",https://de.wikipedia.org/wiki/Brigitte_L%C3%B6sch
Manfred Lucha,GRÜNE,69 Ravensburg,,https://de.wikipedia.org/wiki/Datei:Manfred_Lucha_2013-by-RaBoe_01.jpg,https://de.wikipedia.org/wiki/Manfred_Lucha
Winfried Mack,CDU,26 Aalen,,https://de.wikipedia.org/wiki/Datei:Image_of_none.svg,https://de.wikipedia.org/wiki/Winfried_Mack
Claudia Martin,CDU,37 Wiesloch,"5. Juli bis 11. Oktober 2016 Mitglied der Fraktion ABW,[4] am 16. Dezember 2016 aus der AfD ausgetreten;[6] am 11. November 2017 Eintritt in die CDU,[7] am 28. November 2017 Aufnahme in die CDU-Landtagsfraktion[8]",https://de.wikipedia.org/wiki/Datei:Image_of_none.svg,"https://de.wikipedia.org/wiki/Claudia_Martin_(Politikerin,_1970)"
Thomas Marwein,GRÜNE,51 Offenburg,,https://de.wikipedia.org/wiki/Datei:2013-05-16_Thomas_Marwein_8442-crop.JPG,https://de.wikipedia.org/wiki/Thomas_Marwein
Heiner Merz,fraktionslos,24 Heidenheim,am 30. Juli 2020 Austritt aus der AfD-Fraktion und der Partei[9],https://de.wikipedia.org/wiki/Datei:Image_of_none.svg,https://de.wikipedia.org/wiki/Heiner_Merz
Bärbl Mielich,GRÜNE,48 Breisgau,,https://de.wikipedia.org/wiki/Datei:Baerbl_Mielich_2007.jpg,https://de.wikipedia.org/wiki/B%C3%A4rbl_Mielich
Bernd Murschel,GRÜNE,06 Leonberg,,https://de.wikipedia.org/wiki/Datei:Bernd_Murschel_8905.JPG,https://de.wikipedia.org/wiki/Bernd_Murschel
Georg Nelius,SPD,38 Neckar-Odenwald,,https://de.wikipedia.org/wiki/Datei:2013-05-16_Georg_Nelius_8899-crop.JPG,https://de.wikipedia.org/wiki/Georg_Nelius
Paul Nemeth,CDU,05 Böblingen,,"https://de.wikipedia.org/wiki/Datei:2013-05-15_16_-_Nemeth,_Paul,_MdL_-_LTBW_-_4705.jpg",https://de.wikipedia.org/wiki/Paul_Nemeth
Christine Neumann,CDU,31 Ettlingen,,https://de.wikipedia.org/wiki/Datei:Image_of_none.svg,https://de.wikipedia.org/wiki/Christine_Neumann
Jutta Niemann,GRÜNE,22 Schwäbisch Hall,,https://de.wikipedia.org/wiki/Datei:Image_of_none.svg,https://de.wikipedia.org/wiki/Jutta_Niemann
Claus Paal,CDU,16 Schorndorf,,https://de.wikipedia.org/wiki/Datei:Image_of_none.svg,https://de.wikipedia.org/wiki/Claus_Paal
Thomas Axel Palka,AfD,19 Eppingen,5. Juli bis 11. Oktober 2016 Mitglied der Fraktion ABW[4],https://de.wikipedia.org/wiki/Datei:Image_of_none.svg,https://de.wikipedia.org/wiki/Thomas_Axel_Palka
Harald Pfeiffer,fraktionslos,05 Böblingen,nachgerückt am 2. Februar 2018 für Markus Widenmeyer  Am 29. November 2019 Austritt aus der AfD-Fraktion und der Partei[3],https://de.wikipedia.org/wiki/Datei:Image_of_none.svg,https://de.wikipedia.org/wiki/Harald_Pfeiffer_(Politiker)
Julia Philippi,CDU,39 Weinheim,nachgerückt am 1. Januar 2018 für Georg Wacker,https://de.wikipedia.org/wiki/Datei:Julia_Philippi.jpg,https://de.wikipedia.org/wiki/Julia_Philippi_(Politikerin)
Reinhold Pix,GRÜNE,46 Freiburg I,,https://de.wikipedia.org/wiki/Datei:Reinhold_Pix.jpeg,https://de.wikipedia.org/wiki/Reinhold_Pix
Rainer Podeswa,AfD,18 Heilbronn,5. Juli bis 11. Oktober 2016 Mitglied der Fraktion ABW[4],https://de.wikipedia.org/wiki/Datei:Image_of_none.svg,https://de.wikipedia.org/wiki/Rainer_Podeswa
Thomas Poreski,GRÜNE,60 Reutlingen,,https://de.wikipedia.org/wiki/Datei:Thomas_Poreski_MdL_BaWue_May_2013_gnu1742_5.jpg,https://de.wikipedia.org/wiki/Thomas_Poreski
Patrick Rapp,CDU,48 Breisgau,,"https://de.wikipedia.org/wiki/Datei:2013-05-15_16_-_Rapp,_Patrick,_MdL_-_LTBW_-_5241.jpg",https://de.wikipedia.org/wiki/Patrick_Rapp
Stefan Räpple,fraktionslos,52 Kehl,"Am 28. September 2020 aus der Fraktion ausgeschlossen[10], am 29. September 2020 aus der Partei ausgetreten",https://de.wikipedia.org/wiki/Datei:Stefan_R%C3%A4pple.jpg,https://de.wikipedia.org/wiki/Stefan_R%C3%A4pple
Nicole Razavi,CDU,11 Geislingen,,"https://de.wikipedia.org/wiki/Datei:2013-05-15_16_-_Razavi,_Nicole,_MdL_-_LTBW_-_4931.jpg",https://de.wikipedia.org/wiki/Nicole_Razavi
Gabriele Reich-Gutjahr,FDP/DVP,02 Stuttgart II,,https://de.wikipedia.org/wiki/Datei:Image_of_none.svg,https://de.wikipedia.org/wiki/Gabriele_Reich-Gutjahr
Wolfgang Reinhart,CDU,23 Main-Tauber,,https://de.wikipedia.org/wiki/Datei:Wolfgang_reinhart.jpg,https://de.wikipedia.org/wiki/Wolfgang_Reinhart
Daniel Renkonen,GRÜNE,14 Bietigheim-Bissingen,,https://de.wikipedia.org/wiki/Datei:Daniel_Renkonen_by_Stepro_IMG_1953_DxO.jpg,https://de.wikipedia.org/wiki/Daniel_Renkonen
Martin Rivoir,SPD,64 Ulm,,https://de.wikipedia.org/wiki/Datei:Martin_Rivoir_2013-by-RaBoe_04.jpg,https://de.wikipedia.org/wiki/Martin_Rivoir
Karl-Wilhelm Röhm,CDU,61 Hechingen-Münsingen,,https://de.wikipedia.org/wiki/Datei:2013-05-16_Karl-Wilhelm_R%C3%B6hm_9363-crop.JPG,https://de.wikipedia.org/wiki/Karl-Wilhelm_R%C3%B6hm
Gabi Rolland,SPD,47 Freiburg II,,https://de.wikipedia.org/wiki/Datei:Gabi_Rolland_8699.JPG,https://de.wikipedia.org/wiki/Gabi_Rolland
Karl Rombach,CDU,54 Villingen-Schwenningen,,https://de.wikipedia.org/wiki/Datei:Karl_Rombach_15-05-2013_5159038.jpg,https://de.wikipedia.org/wiki/Karl_Rombach
Markus Rösler,GRÜNE,13 Vaihingen,,https://de.wikipedia.org/wiki/Datei:Markus_R%C3%B6sler_MdL_BaWue_May_2013_gnu1742_1.jpg,https://de.wikipedia.org/wiki/Markus_R%C3%B6sler
Daniel Rottmann,AfD,65 Ehingen,5. Juli bis 11. Oktober 2016 Mitglied der Fraktion ABW[4],https://de.wikipedia.org/wiki/Datei:Image_of_none.svg,https://de.wikipedia.org/wiki/Daniel_Rottmann
Hans-Ulrich Rülke,FDP/DVP,42 Pforzheim,,"https://de.wikipedia.org/wiki/Datei:2013-05-15_16_-_R%C3%BClke,_Hans-Ulrich,_MdL_-_LTBW_-_5297.jpg",https://de.wikipedia.org/wiki/Hans-Ulrich_R%C3%BClke
Barbara Saebel,GRÜNE,31 Ettlingen,,https://de.wikipedia.org/wiki/Datei:Image_of_none.svg,https://de.wikipedia.org/wiki/Barbara_Saebel
Alexander Salomon,GRÜNE,28 Karlsruhe II,,https://de.wikipedia.org/wiki/Datei:2013-05-16_Alexander_Salomon_9416-crop.JPG,https://de.wikipedia.org/wiki/Alexander_Salomon
Emil Sänze,AfD,53 Rottweil,,https://de.wikipedia.org/wiki/Datei:Image_of_none.svg,https://de.wikipedia.org/wiki/Emil_S%C3%A4nze
Volker Schebesta,CDU,51 Offenburg,,https://de.wikipedia.org/wiki/Datei:2013-05-16_Volker_Schebesta_9516-crop.JPG,https://de.wikipedia.org/wiki/Volker_Schebesta
Stefan Scheffold,CDU,25 Schwäbisch Gmünd,,https://de.wikipedia.org/wiki/Datei:Stefan_Scheffold_2013-by-RaBoe_1.jpg,https://de.wikipedia.org/wiki/Stefan_Scheffold
Alexander Schoch,GRÜNE,49 Emmendingen,,https://de.wikipedia.org/wiki/Datei:2013-05-16_Alexander_Schoch_9115-crop.JPG,https://de.wikipedia.org/wiki/Alexander_Schoch
August Schuler,CDU,69 Ravensburg,,https://de.wikipedia.org/wiki/Datei:Image_of_none.svg,https://de.wikipedia.org/wiki/August_Schuler
Albrecht Schütte,CDU,41 Sinsheim,,https://de.wikipedia.org/wiki/Datei:Image_of_none.svg,https://de.wikipedia.org/wiki/Albrecht_Sch%C3%BCtte
Andrea Schwarz,GRÜNE,30 Bretten,,https://de.wikipedia.org/wiki/Datei:Image_of_none.svg,https://de.wikipedia.org/wiki/Andrea_Schwarz_(Politikerin)
Andreas Schwarz,GRÜNE,08 Kirchheim,,https://de.wikipedia.org/wiki/Datei:N3S_8746-Andreas_Schwarz.JPG,"https://de.wikipedia.org/wiki/Andreas_Schwarz_(Politiker,_1979)"
Erik Schweickert,FDP/DVP,44 Enz,,https://de.wikipedia.org/wiki/Datei:Image_of_none.svg,https://de.wikipedia.org/wiki/Erik_Schweickert
Uli Sckerl,GRÜNE,39 Weinheim,,https://de.wikipedia.org/wiki/Datei:Image_of_none.svg,https://de.wikipedia.org/wiki/Uli_Sckerl
Stefanie Seemann,GRÜNE,44 Enz,,https://de.wikipedia.org/wiki/Datei:Image_of_none.svg,https://de.wikipedia.org/wiki/Stefanie_Seemann
Ramazan Selcuk,SPD,60 Reutlingen,nachgerückt am 10. Oktober 2017 für Nils Schmid,https://de.wikipedia.org/wiki/Datei:Image_of_none.svg,https://de.wikipedia.org/wiki/Ramazan_Selcuk
Doris Senger,fraktionslos,55 Tuttlingen-Donaueschingen,nachgerückt am 11. Juli 2019 für Lars Patrick Berg; wurde erst am 26. September 2019 in die AfD-Fraktion aufgenommen Am 30. Oktober 2020 Austritt aus der AfD-Fraktion,https://de.wikipedia.org/wiki/Datei:Image_of_none.svg,https://de.wikipedia.org/wiki/Doris_Senger
Edith Sitzmann,GRÜNE,47 Freiburg II,,https://de.wikipedia.org/wiki/Datei:Edith_Sitzmann_(2016).jpg,https://de.wikipedia.org/wiki/Edith_Sitzmann
Willi Stächele,CDU,52 Kehl,,https://de.wikipedia.org/wiki/Datei:Willi_Staechele_2_cropped.JPG,https://de.wikipedia.org/wiki/Willi_St%C3%A4chele
Hans Peter Stauch,AfD,61 Hechingen-Münsingen,,https://de.wikipedia.org/wiki/Datei:Image_of_none.svg,https://de.wikipedia.org/wiki/Hans_Peter_Stauch
Udo Stein,AfD,22 Schwäbisch Hall,5. Juli bis 11. Oktober 2016 Mitglied der Fraktion ABW[4],https://de.wikipedia.org/wiki/Datei:Image_of_none.svg,https://de.wikipedia.org/wiki/Udo_Stein
Rainer Stickelberger,SPD,58 Lörrach,,https://de.wikipedia.org/wiki/Datei:2013-05-16_Rainer_Stickelberger_8394.JPG,https://de.wikipedia.org/wiki/Rainer_Stickelberger
Andreas Stoch,SPD,24 Heidenheim,,"https://de.wikipedia.org/wiki/Datei:2013-05-15_16_-_Stoch,_Andreas,_MdL_-_LTBW_-_5214.jpg",https://de.wikipedia.org/wiki/Andreas_Stoch
Stefan Teufel,CDU,53 Rottweil,,https://de.wikipedia.org/wiki/Datei:Image_of_none.svg,https://de.wikipedia.org/wiki/Stefan_Teufel
Franz Untersteller,GRÜNE,03 Stuttgart III,,https://de.wikipedia.org/wiki/Datei:Franz_Untersteller2015-06-13.JPG,https://de.wikipedia.org/wiki/Franz_Untersteller
Klaus-Günther Voigtmann,AfD,40 Schwetzingen,5. Juli bis 11. Oktober 2016 Mitglied der Fraktion ABW[4],https://de.wikipedia.org/wiki/Datei:Image_of_none.svg,https://de.wikipedia.org/wiki/Klaus-G%C3%BCnther_Voigtmann
Tobias Wald,CDU,33 Baden-Baden,,https://de.wikipedia.org/wiki/Datei:2013-05-16_Tobias_Wald_8604.JPG,https://de.wikipedia.org/wiki/Tobias_Wald
Thekla Walker,GRÜNE,05 Böblingen,,https://de.wikipedia.org/wiki/Datei:Thekla_Walker_Gruene_BW_Er%C3%B6ffnung_LGS_(8452359755).jpg,https://de.wikipedia.org/wiki/Thekla_Walker
Jürgen Walter,GRÜNE,12 Ludwigsburg,,https://de.wikipedia.org/wiki/Datei:J%C3%BCrgen_Walter_8581.JPG,"https://de.wikipedia.org/wiki/J%C3%BCrgen_Walter_(Politiker,_1957)"
Uwe Wanke,AfD,38 Neckar-Odenwald,nachgerückt am 2. Juli 2020 für Klaus Dürr,https://de.wikipedia.org/wiki/Datei:Image_of_none.svg,https://de.wikipedia.org/wiki/Uwe_Wanke
Jonas Weber,SPD,32 Rastatt,nachgerückt am 1. September 2018 für Ernst Kopp,https://de.wikipedia.org/wiki/Datei:Image_of_none.svg,https://de.wikipedia.org/wiki/Jonas_Weber
Dorothea Wehinger,GRÜNE,57 Singen,,https://de.wikipedia.org/wiki/Datei:Image_of_none.svg,https://de.wikipedia.org/wiki/Dorothea_Wehinger
Nico Weinmann,FDP/DVP,18 Heilbronn,,https://de.wikipedia.org/wiki/Datei:Image_of_none.svg,https://de.wikipedia.org/wiki/Nico_Weinmann
Boris Weirauch,SPD,36 Mannheim II,,https://de.wikipedia.org/wiki/Datei:Image_of_none.svg,https://de.wikipedia.org/wiki/Boris_Weirauch
Guido Wolf,CDU,55 Tuttlingen-Donaueschingen,,"https://de.wikipedia.org/wiki/Datei:2013-05-15_16_-_Wolf,_Guido,_MdL_-_LTBW_-_5273.jpg",https://de.wikipedia.org/wiki/Guido_Wolf
Sabine Wölfle,SPD,49 Emmendingen,,https://de.wikipedia.org/wiki/Datei:Sabine_W%C3%B6lfle_8673.JPG,https://de.wikipedia.org/wiki/Sabine_W%C3%B6lfle
Carola Wolle,AfD,20 Neckarsulm,5. Juli bis 11. Oktober 2016 Mitglied der Fraktion ABW[4],https://de.wikipedia.org/wiki/Datei:Image_of_none.svg,https://de.wikipedia.org/wiki/Carola_Wolle
Elke Zimmer,GRÜNE,36 Mannheim II,nachgerückt am 12. Dezember 2016 für Wolfgang Raufelder,https://de.wikipedia.org/wiki/Datei:Image_of_none.svg,https://de.wikipedia.org/wiki/Elke_Zimmer
Karl Zimmermann,CDU,08 Kirchheim,,https://de.wikipedia.org/wiki/Datei:Karl_Zimmermann_8428.JPG,"https://de.wikipedia.org/wiki/Karl_Zimmermann_(Politiker,_1951)"
