id;Kategorie;Name;Partei;Wahlkreis;Geschlecht;Kommentar;Bild;tags;Wikipedia_URL;Homepage_URL;SM_Twitter_user;SM_Twitter_id;SM_Twitter_verifiziert;SM_Facebook_id;SM_Facebook_user;SM_Facebook_verifiziert;SM_Youtube_user;SM_Youtube_id;SM_Youtube_verifiziert;SM_Instagram_user;SM_Instagram_id;SM_Instagram_verifiziert;SM_Telegram_user;SM_Telegram_id;SM_Telegram_verifiziert;created_at;created_by;modified_at;modified_by
;Hamburg;Steffan Nethe;LKR;21;männlich;;;;;;;;;;;;;;;;;;;;;;;;
;Hamburg;Simon Rohlfing;LKR;;männlich;;;;;;;;;;;;;;;;;;;;;;;;
;Hamburg;Johannes Purwin;LKR;;männlich;;;;;;;;;;;;;;;;;;;;;;;;
;Hamburg;Dr.Wolfgang Schlage;LKR;;männlich;;;;;;;;;;;;;;;;;;;;;;;;
;Hamburg;Bernd Anders;LKR;;männlich;;;;;;;;;;;;;;;;;;;;;;;;
;Niedersachsen;Thomas Ganskow;Piraten;42;männlich;;;;;;;;;;;;;;;;;;;;;;;;
;Niedersachsen;Phil Höfer;Piraten;48;männlich;;;;;;;;;;;;;;;;;;;;;;;;
;Niedersachsen;Martina Broschei;Piraten;;weiblich;;;;;;;;;;;;;;;;;;;;;;;;
;Niedersachsen;Angela Ries;Piraten;;weiblich;;;;;;;;;;;;;;;;;;;;;;;;
;Niedersachsen;Christian Vey;Piraten;;männlich;;;;;;;;;;;;;;;;;;;;;;;;
;Niedersachsen;Wolf Vincent Lübcke;Piraten;;männlich;;;;;;;;;;;;;;;;;;;;;;;;
;Niedersachsen;Holger Lubitz;Piraten;;männlich;;;;;;;;;;;;;;;;;;;;;;;;
;Niedersachsen;Uwe Gerhard Kopec;Piraten;47;männlich;;;;;;;;;;;;;;;;;;;;;;;;
;Niedersachsen;Jens Golland;Piraten;;männlich;;;;;;;;;;;;;;;;;;;;;;;;
;Niedersachsen;Olaf Engel;Piraten;;männlich;;;;;;;;;;;;;;;;;;;;;;;;
;Niedersachsen;Richard Klaus;Piraten;;männlich;;;;;;;;;;;;;;;;;;;;;;;;
;Niedersachsen;Roland Schulz;Piraten;;männlich;;;;;;;;;;;;;;;;;;;;;;;;
;Niedersachsen;Joachim Roden;Piraten;;männlich;;;;;;;;;;;;;;;;;;;;;;;;
;Niedersachsen;Lars Scheumer;Piraten;;männlich;;;;;;;;;;;;;;;;;;;;;;;;
;Bremen;Sarah Ryglewski;SPD;54;weiblich;;;Parlamentarier Wiederwahl;;;;;;;;;;;;;;;;;;;;;
;Bremen;Uwe Schmidt;SPD;55;männlich;;;Parlamentarier Wiederwahl;;;;;;;;;;;;;;;;;;;;;
;Bremen;Selin Ece Arpaz;SPD;;weiblich;;;;;;;;;;;;;;;;;;;;;;;;
;Bremen;Derik Eicke;SPD;;männlich;;;;;;;;;;;;;;;;;;;;;;;;
;Bremen;Lizza Besecke;SPD;;weiblich;;;;;;;;;;;;;;;;;;;;;;;;
;Bremen;Doris Achelwilm;Die Linke;55;weiblich;;;Parlamentarier Wiederwahl;;;;;;;;;;;;;;;;;;;;;
;Bremen;Cindi Tuncel;Die Linke;54;männlich;;;;;;;;;;;;;;;;;;;;;;;;
;Bremen;Medine Yildiz;Die Linke;;weiblich;;;;;;;;;;;;;;;;;;;;;;;;
;Bremen;Charlotte Schmitz;Die Linke;;weiblich;;;;;;;;;;;;;;;;;;;;;;;;
;Bremen;Sofia Leonidakis;Die Linke;;weiblich;;;;;;;;;;;;;;;;;;;;;;;;
;Bremen;Christian Gerlin;Die Linke;;männlich;;;;;;;;;;;;;;;;;;;;;;;;
;Bremen;Dr.Volker Redder;FDP;54;männlich;;;;;;;;;;;;;;;;;;;;;;;;
;Bremen;Lencke Wischhusen;FDP;;weiblich;;;;;;;;;;;;;;;;;;;;;;;;
;Bremen;Gökhan Akkamis;FDP;55;männlich;;;;;;;;;;;;;;;;;;;;;;;;
;Bremen;Marcel Schröder;FDP;;männlich;;;;;;;;;;;;;;;;;;;;;;;;
;Bremen;Bettina Schiller;FDP;;weiblich;;;;;;;;;;;;;;;;;;;;;;;;
;Bremen;Fynn  Voigt;FDP;;männlich;;;;;;;;;;;;;;;;;;;;;;;;
;Bremen;Gwen Sohns;FDP;;weiblich;;;;;;;;;;;;;;;;;;;;;;;;
;Bremen;Tom Daniel;FDP;;männlich;;;;;;;;;;;;;;;;;;;;;;;;
;Bremen;Celine Eberhardt;FDP;;weiblich;;;;;;;;;;;;;;;;;;;;;;;;
;Bremen;Frank Seidel;FDP;;männlich;;;;;;;;;;;;;;;;;;;;;;;;
;Bremen;Dennis Stojic;FDP;;männlich;;;;;;;;;;;;;;;;;;;;;;;;
;Bremen;Sören Gorniak;FDP;;männlich;;;;;;;;;;;;;;;;;;;;;;;;
1;Nordrhein-Westfalen;Rolf Mützenich;SPD;95;männlich;;;Parlamentarier Wiederwahl;;;;;;;;;;;;;;;;;;;;;
1;Nordrhein-Westfalen;Svenja Schulze;SPD;129;weiblich;;;;;;;;;;;;;;;;;;;;;;;;
1;Nordrhein-Westfalen;Sebastian Hartmann;SPD;97;männlich;;;Parlamentarier Wiederwahl;;;;;;;;;;;;;;;;;;;;;
;Nordrhein-Westfalen;Kerstin Griese;SPD;105;weiblich;;;Parlamentarier Wiederwahl;;;;;;;;;;;;;;;;;;;;;
1;Nordrhein-Westfalen;Dirk Wiese;SPD;147;männlich;;;Parlamentarier Wiederwahl;;;;;;;;;;;;;;;;;;;;;
;Nordrhein-Westfalen;Sabine Poschmann;SPD;143;weiblich;;;Parlamentarier Wiederwahl;;;;;;;;;;;;;;;;;;;;;
;Nordrhein-Westfalen;Udo Schiefner;SPD;111;männlich;;;Parlamentarier Wiederwahl;;;;;;;;;;;;;;;;;;;;;
;Nordrhein-Westfalen;Claudia Moll;SPD;88;weiblich;;;Parlamentarier Wiederwahl;;;;;;;;;;;;;;;;;;;;;
;Nordrhein-Westfalen;Bernhard Daldrup;SPD;130;männlich;;;;;;;;;;;;;;;;;;;;;;;;
;Nordrhein-Westfalen;Nadine Heselhaus;SPD;126;weiblich;;;;;;;;;;;;;;;;;;;;;;;;
;Nordrhein-Westfalen;Stefan Schwartze;SPD;133;männlich;;;Parlamentarier Wiederwahl;;;;;;;;;;;;;;;;;;;;;
;Nordrhein-Westfalen;Bärbel Bas;SPD;115;weiblich;;;Parlamentarier Wiederwahl;;;;;;;;;;;;;;;;;;;;;
;Nordrhein-Westfalen;Achim Post;SPD;134;männlich;;;Parlamentarier Wiederwahl;;;;;;;;;;;;;;;;;;;;;
;Nordrhein-Westfalen;Bettina Lugk;SPD;150;weiblich;;;;;;;;;;;;;;;;;;;;;;;;
;Nordrhein-Westfalen;Oliver Kaczmarek;SPD;144;männlich;;;Parlamentarier Wiederwahl;;;;;;;;;;;;;;;;;;;;;
;Nordrhein-Westfalen;Wiebke Esdar;SPD;132;weiblich;;;Parlamentarier Wiederwahl;;;;;;;;;;;;;;;;;;;;;
;Nordrhein-Westfalen;Dietmar Nietan;SPD;90;männlich;;;Parlamentarier Wiederwahl;;;;;;;;;;;;;;;;;;;;;
;Nordrhein-Westfalen;Dagmar Andres;SPD;92;weiblich;;;;;;;;;;;;;;;;;;;;;;;;
;Nordrhein-Westfalen;Andreas Rimkus;SPD;107;männlich;;;Parlamentarier Wiederwahl;;;;;;;;;;;;;;;;;;;;;
;Nordrhein-Westfalen;Jessica Rosenthal;SPD;96;weiblich;;;;;;;;;;;;;;;;;;;;;;;;
;Nordrhein-Westfalen;Wolfgang Hellmich;SPD;146;männlich;;;Parlamentarier Wiederwahl;;;;;;;;;;;;;;;;;;;;;
;Nordrhein-Westfalen;Gülistan Yüksel;SPD;109;weiblich;;;Parlamentarier Wiederwahl;;;;;;;;;;;;;;;;;;;;;
;Nordrhein-Westfalen;Karl Lauterbach;SPD;101;männlich;;;Parlamentarier Wiederwahl;;;;;;;;;;;;;;;;;;;;;
;Nordrhein-Westfalen;Sarah Lahrkamp;SPD;124;weiblich;;;;;;;;;;;;;;;;;;;;;;;;
;Nordrhein-Westfalen;Frank Schwabe;SPD;121;männlich;;;Parlamentarier Wiederwahl;;;;;;;;;;;;;;;;;;;;;
;Nordrhein-Westfalen;Nezahat Baradari;SPD;149;weiblich;;;Parlamentarier Wiederwahl;;;;;;;;;;;;;;;;;;;;;
;Nordrhein-Westfalen;Helge Lindh;SPD;102;männlich;;;Parlamentarier Wiederwahl;;;;;;;;;;;;;;;;;;;;;
;Nordrhein-Westfalen;Zanda Martens;SPD;106;weiblich;;;;;;;;;;;;;;;;;;;;;;;;
;Nordrhein-Westfalen;Jürgen Coße;SPD;128;männlich;;;;;;;;;;;;;;;;;;;;;;;;
;Nordrhein-Westfalen;Ye-One Rhie;SPD;87;weiblich;;;;;;;;;;;;;;;;;;;;;;;;
;Nordrhein-Westfalen;Axel Echeverria;SPD;138;männlich;;;;;;;;;;;;;;;;;;;;;;;;
;Nordrhein-Westfalen;Luiza Licina-Bode;SPD;148;weiblich;;;;;;;;;;;;;;;;;;;;;;;;
;Nordrhein-Westfalen;Daniel Rinkert;SPD;108;männlich;;;;;;;;;;;;;;;;;;;;;;;;
;Nordrhein-Westfalen;Elvan Korkmaz-Emre;SPD;131;weiblich;;;Parlamentarier Wiederwahl;;;;;;;;;;;;;;;;;;;;;
;Nordrhein-Westfalen;Norbert Spinrath;SPD;89;männlich;;;;;;;;;;;;;;;;;;;;;;;;
;Nordrhein-Westfalen;Michelle Müntefering;SPD;141;weiblich;;;Parlamentarier Wiederwahl;;;;;;;;;;;;;;;;;;;;;
;Nordrhein-Westfalen;Bodo Wißen;SPD;112;männlich;;;;;;;;;;;;;;;;;;;;;;;;
;Nordrhein-Westfalen;Michaela Engelmeier;SPD;99;weiblich;;;;;;;;;;;;;;;;;;;;;;;;
;Nordrhein-Westfalen;Johannes Waldmann;SPD;127;männlich;;;;;;;;;;;;;;;;;;;;;;;;
;Nordrhein-Westfalen;Sanae Abdi;SPD;93;weiblich;;;;;;;;;;;;;;;;;;;;;;;;
;Nordrhein-Westfalen;Michael Gerdes;SPD;125;männlich;;;Parlamentarier Wiederwahl;;;;;;;;;;;;;;;;;;;;;
;Nordrhein-Westfalen;Katja Stoppenbrink;SPD;98;weiblich;;;;;;;;;;;;;;;;;;;;;;;;
;Nordrhein-Westfalen;Ingo Schäfer;SPD;103;männlich;;;;;;;;;;;;;;;;;;;;;;;;
;Nordrhein-Westfalen;Marion Sollbach;SPD;94;männlich;;;;;;;;;;;;;;;;;;;;;;;;
;Nordrhein-Westfalen;Kastriot Krasniqi;SPD;100;männlich;;;;;;;;;;;;;;;;;;;;;;;;
;Nordrhein-Westfalen;Jürgen Berghahn;SPD;135;männlich;;;;;;;;;;;;;;;;;;;;;;;;
;Nordrhein-Westfalen;Aaron Spielmanns;SPD;91;männlich;;;;;;;;;;;;;;;;;;;;;;;;
;Nordrhein-Westfalen;Michael Thews;SPD;145;männlich;;;Parlamentarier Wiederwahl;;;;;;;;;;;;;;;;;;;;;
;Nordrhein-Westfalen;Jan Dieren;SPD;114;männlich;;;;;;;;;;;;;;;;;;;;;;;;
;Nordrhein-Westfalen;Brian Nickholz;SPD;122;männlich;;;;;;;;;;;;;;;;;;;;;;;;
;Nordrhein-Westfalen;Timo Schisanowski;SPD;138;männlich;;;;;;;;;;;;;;;;;;;;;;;;
;Nordrhein-Westfalen;Burkhard Blienert;SPD;137;männlich;;;;;;;;;;;;;;;;;;;;;;;;
;Nordrhein-Westfalen;Gereon Wolters;SPD;120;männlich;;;;;;;;;;;;;;;;;;;;;;;;
;Nordrhein-Westfalen;Axel Schäfer;SPD;140;männlich;;;Parlamentarier Wiederwahl;;;;;;;;;;;;;;;;;;;;;
;Nordrhein-Westfalen;Christian Steinacker;SPD;104;männlich;;;;;;;;;;;;;;;;;;;;;;;;
;Nordrhein-Westfalen;Markus Töns;SPD;123;männlich;;;Parlamentarier Wiederwahl;;;;;;;;;;;;;;;;;;;;;
;Nordrhein-Westfalen;Jens Peick;SPD;142;männlich;;;;;;;;;;;;;;;;;;;;;;;;
;Nordrhein-Westfalen;Philipp Einfalt;SPD;110;männlich;;;;;;;;;;;;;;;;;;;;;;;;
;Nordrhein-Westfalen;Ulrich Kros;SPD;136;männlich;;;;;;;;;;;;;;;;;;;;;;;;
;Nordrhein-Westfalen;Dirk Presch;SPD;;männlich;;;;;;;;;;;;;;;;;;;;;;;;
;Nordrhein-Westfalen;Rainer Keller;SPD;113;männlich;;;;;;;;;;;;;;;;;;;;;;;;
;Nordrhein-Westfalen;Sebastian Fiedler;SPD;118;männlich;;;;;;;;;;;;;;;;;;;;;;;;
;Nordrhein-Westfalen;Dirk Vöpel;SPD;;männlich;;;Parlamentarier Wiederwahl;;;;;;;;;;;;;;;;;;;;;
;Nordrhein-Westfalen;Mahmut Özdemir;SPD;116;männlich;;;Parlamentarier Wiederwahl;;;;;;;;;;;;;;;;;;;;;
;Nordrhein-Westfalen;Dirk Heidenblut;SPD;119;männlich;;;Parlamentarier Wiederwahl;;;;;;;;;;;;;;;;;;;;;
;Nordrhein-Westfalen;Jörg Lorenz;SPD;;männlich;;;;;;;;;;;;;;;;;;;;;;;;
;Nordrhein-Westfalen;Jochen Schmidt;SPD;;männlich;;;;;;;;;;;;;;;;;;;;;;;;
;Nordrhein-Westfalen;Frank Mederlet;SPD;;männlich;;;;;;;;;;;;;;;;;;;;;;;;
;Nordrhein-Westfalen;Claus Homm;SPD;;männlich;;;;;;;;;;;;;;;;;;;;;;;;
;Nordrhein-Westfalen;Jörg Biesterfeld;SPD;;männlich;;;;;;;;;;;;;;;;;;;;;;;;
;Nordrhein-Westfalen;Ingo Stucke;SPD;;männlich;;;;;;;;;;;;;;;;;;;;;;;;
;Nordrhein-Westfalen;Karsten Gerlach;SPD;;männlich;;;;;;;;;;;;;;;;;;;;;;;;
;Nordrhein-Westfalen;Carsten Ganser;SPD;;männlich;;;;;;;;;;;;;;;;;;;;;;;;
;Nordrhein-Westfalen;Felix Höppner;SPD;;männlich;;;;;;;;;;;;;;;;;;;;;;;;
;Nordrhein-Westfalen;Florian Westerwalbesloh;SPD;;männlich;;;;;;;;;;;;;;;;;;;;;;;;
;Nordrhein-Westfalen;Michael Richter;SPD;;männlich;;;;;;;;;;;;;;;;;;;;;;;;
;Nordrhein-Westfalen;Florian Götting;SPD;;männlich;;;;;;;;;;;;;;;;;;;;;;;;
;Nordrhein-Westfalen;Tobias Hetz;SPD;;männlich;;;;;;;;;;;;;;;;;;;;;;;;
;Nordrhein-Westfalen;Ulrich Pock;SPD;;männlich;;;;;;;;;;;;;;;;;;;;;;;;
;Nordrhein-Westfalen;Stefan Mix;SPD;;männlich;;;;;;;;;;;;;;;;;;;;;;;;
;Nordrhein-Westfalen;Helge Sulfrian;SPD;;männlich;;;;;;;;;;;;;;;;;;;;;;;;
;Nordrhein-Westfalen;Johannes Stracke;SPD;;männlich;;;;;;;;;;;;;;;;;;;;;;;;
;Baden-Württemberg;Saskia Esken;SPD;280;weiblich;;;Parlamentarier Wiederwahl;;;;;;;;;;;;;;;;;;;;;
;Baden-Württemberg;Dr.Nils Schmid;SPD;262;männlich;;;Parlamentarier Wiederwahl;;;;;;;;;;;;;;;;;;;;;
;Baden-Württemberg;Rita Schwarzelühr-Sutter;SPD;288;weiblich;;;Parlamentarier Wiederwahl;;;;;;;;;;;;;;;;;;;;;
;Baden-Württemberg;Dr.Martin Rosemann;SPD;290;männlich;;;Parlamentarier Wiederwahl;;;;;;;;;;;;;;;;;;;;;
;Baden-Württemberg;Katja Mast;SPD;279;weiblich;;;Parlamentarier Wiederwahl;;;;;;;;;;;;;;;;;;;;;
;Baden-Württemberg;Johannes Fechner;SPD;283;männlich;;;Parlamentarier Wiederwahl;;;;;;;;;;;;;;;;;;;;;
;Baden-Württemberg;Leni Breymaier;SPD;270;weiblich;;;Parlamentarier Wiederwahl;;;;;;;;;;;;;;;;;;;;;
;Baden-Württemberg;Martin Gerster;SPD;292;männlich;;;Parlamentarier Wiederwahl;;;;;;;;;;;;;;;;;;;;;
;Baden-Württemberg;Jasmina Hostert;SPD;260;weiblich;;;;;;;;;;;;;;;;;;;;;;;;
;Baden-Württemberg;Dr.Lars Castellucci;SPD;277;männlich;;;Parlamentarier Wiederwahl;;;;;;;;;;;;;;;;;;;;;
;Baden-Württemberg;Gabriele Katzmarek;SPD;273;weiblich;;;Parlamentarier Wiederwahl;;;;;;;;;;;;;;;;;;;;;
;Baden-Württemberg;Parsa Marvi;SPD;271;männlich;;;;;;;;;;;;;;;;;;;;;;;;
;Baden-Württemberg;Heike Baehrens;SPD;263;weiblich;;;Parlamentarier Wiederwahl;;;;;;;;;;;;;;;;;;;;;
;Baden-Württemberg;Macit Karaahmetoglu;SPD;265;männlich;;;;;;;;;;;;;;;;;;;;;;;;
;Baden-Württemberg;Dr.Lina Seitzl;SPD;287;weiblich;;;;;;;;;;;;;;;;;;;;;;;;
;Baden-Württemberg;Robin Mesarosch;SPD;295;männlich;;;;;;;;;;;;;;;;;;;;;;;;
;Baden-Württemberg;Isabel Cademartori;SPD;275;weiblich;;;;;;;;;;;;;;;;;;;;;;;;
;Baden-Württemberg;Josip Juratovic;SPD;267;männlich;;;Parlamentarier Wiederwahl;;;;;;;;;;;;;;;;;;;;;
;Baden-Württemberg;Derya Türk-Nachbaur;SPD;286;weiblich;;;;;;;;;;;;;;;;;;;;;;;;
;Baden-Württemberg;Kevin Leiser;SPD;268;männlich;;;;;;;;;;;;;;;;;;;;;;;;
;Baden-Württemberg;Heike Engelhardt;SPD;294;weiblich;;;;;;;;;;;;;;;;;;;;;;;;
;Baden-Württemberg;Takis Ali;SPD;282;männlich;;;;;;;;;;;;;;;;;;;;;;;;
;Baden-Württemberg;Lucia Schanbacher;SPD;258;weiblich;;;;;;;;;;;;;;;;;;;;;;;;
;Baden-Württemberg;Leon Hahn;SPD;293;männlich;;;;;;;;;;;;;;;;;;;;;;;;
;Baden-Württemberg;Nezaket Yildirim;SPD;278;weiblich;;;;;;;;;;;;;;;;;;;;;;;;
;Baden-Württemberg;Thomas Utz;SPD;266;männlich;;;;;;;;;;;;;;;;;;;;;;;;
;Baden-Württemberg;Elisabeth Krämer;SPD;274;weiblich;;;;;;;;;;;;;;;;;;;;;;;;
;Baden-Württemberg;Mirko Witkowski;SPD;285;männlich;;;;;;;;;;;;;;;;;;;;;;;;
;Baden-Württemberg;Anja Lotz;SPD;276;weiblich;;;;;;;;;;;;;;;;;;;;;;;;
;Baden-Württemberg;Dejan Perc;SPD;259;männlich;;;;;;;;;;;;;;;;;;;;;;;;
;Baden-Württemberg;Argyri Paraschaki;SPD;261;weiblich;;;;;;;;;;;;;;;;;;;;;;;;
;Baden-Württemberg;Matthias Katsch;SPD;284;männlich;;;;;;;;;;;;;;;;;;;;;;;;
;Baden-Württemberg;Julia Söhne;SPD;281;weiblich;;;;;;;;;;;;;;;;;;;;;;;;
;Baden-Württemberg;Patrick Diebold;SPD;272;männlich;;;;;;;;;;;;;;;;;;;;;;;;
;Baden-Württemberg;Dr.Ulrich Bausch;SPD;289;männlich;;;;;;;;;;;;;;;;;;;;;;;;
;Baden-Württemberg;Tim-Luka Schwab;SPD;269;männlich;;;;;;;;;;;;;;;;;;;;;;;;
;Baden-Württemberg;Urs Abelein;SPD;264;männlich;;;;;;;;;;;;;;;;;;;;;;;;
;Baden-Württemberg;Jan Rothenbacher;SPD;291;männlich;;;;;;;;;;;;;;;;;;;;;;;;
;Bayern;Uli Grötsch;SPD;235;männlich;;;Parlamentarier Wiederwahl;;;;;;;;;;;;;;;;;;;;;
;Bayern;Bärbel Kofler;SPD;225;weiblich;;;Parlamentarier Wiederwahl;;;;;;;;;;;;;;;;;;;;;
;Bayern;Carsten Träger;SPD;243;männlich;;;Parlamentarier Wiederwahl;;;;;;;;;;;;;;;;;;;;;
;Bayern;Anette Kramme;SPD;237;weiblich;;;Parlamentarier Wiederwahl;;;;;;;;;;;;;;;;;;;;;
;Bayern;Sebastian Roloff;SPD;219;männlich;;;;;;;;;;;;;;;;;;;;;;;;
;Bayern;Rita Hagl-Kehl;SPD;227;weiblich;;;Parlamentarier Wiederwahl;;;;;;;;;;;;;;;;;;;;;
;Bayern;Bernd Rützel;SPD;249;männlich;;;Parlamentarier Wiederwahl;;;;;;;;;;;;;;;;;;;;;
;Bayern;Gabriela Heinrich;SPD;244;weiblich;;;Parlamentarier Wiederwahl;;;;;;;;;;;;;;;;;;;;;
;Bayern;Christoph Schmid;SPD;254;männlich;;;;;;;;;;;;;;;;;;;;;;;;
;Bayern;Claudia Tausend;SPD;218;weiblich;;;Parlamentarier Wiederwahl;;;;;;;;;;;;;;;;;;;;;
;Bayern;Andreas Schwarz;SPD;236;männlich;;;Parlamentarier Wiederwahl;;;;;;;;;;;;;;;;;;;;;
;Bayern;Marianne Schieder;SPD;234;weiblich;;;Parlamentarier Wiederwahl;;;;;;;;;;;;;;;;;;;;;
;Bayern;Michael Schrodi;SPD;215;männlich;;;Parlamentarier Wiederwahl;;;;;;;;;;;;;;;;;;;;;
;Bayern;Sabine Dittmar;SPD;248;weiblich;;;Parlamentarier Wiederwahl;;;;;;;;;;;;;;;;;;;;;
;Bayern;Andreas Mehltretter;SPD;214;männlich;;;;;;;;;;;;;;;;;;;;;;;;
;Bayern;Ulrike Bahr;SPD;252;weiblich;;;Parlamentarier Wiederwahl;;;;;;;;;;;;;;;;;;;;;
;Bayern;Johannes Schätzl;SPD;229;männlich;;;;;;;;;;;;;;;;;;;;;;;;
;Bayern;Martina Stamm-Fibich;SPD;242;weiblich;;;Parlamentarier Wiederwahl;;;;;;;;;;;;;;;;;;;;;
;Bayern;Jörg Nürnberger;SPD;239;männlich;;;;;;;;;;;;;;;;;;;;;;;;
;Bayern;Carmen Wegge;SPD;224;weiblich;;;;;;;;;;;;;;;;;;;;;;;;
;Bayern;Markus Hümpfer;SPD;250;männlich;;;;;;;;;;;;;;;;;;;;;;;;
;Bayern;Carolin Wagner;SPD;233;weiblich;;;;;;;;;;;;;;;;;;;;;;;;
;Bayern;Jan Plobner;SPD;246;männlich;;;;;;;;;;;;;;;;;;;;;;;;
;Bayern;Heike Heubach;SPD;253;weiblich;;;;;;;;;;;;;;;;;;;;;;;;
;Bayern;Hannes Gräbner;SPD;223;männlich;;;;;;;;;;;;;;;;;;;;;;;;
;Bayern;Ramona Brehm;SPD;238;weiblich;;;;;;;;;;;;;;;;;;;;;;;;
;Bayern;Severin Eder;SPD;230;männlich;;;;;;;;;;;;;;;;;;;;;;;;
;Bayern;Magdalena Wagner;SPD;213;weiblich;;;;;;;;;;;;;;;;;;;;;;;;
;Bayern;Johannes Foitzik;SPD;232;männlich;;;;;;;;;;;;;;;;;;;;;;;;
;Bayern;Freya Altenhöner;SPD;251;weiblich;;;;;;;;;;;;;;;;;;;;;;;;
;Bayern;Thomas Grämmer;SPD;245;männlich;;;;;;;;;;;;;;;;;;;;;;;;
;Bayern;Seija Knorr-Köning;SPD;220;weiblich;;;;;;;;;;;;;;;;;;;;;;;;
;Bayern;Harry Scheuenstuhl;SPD;241;männlich;;;;;;;;;;;;;;;;;;;;;;;;
;Bayern;Regina Leenders;SPD;257;weiblich;;;;;;;;;;;;;;;;;;;;;;;;
;Bayern;Simon Moritz;SPD;240;männlich;;;;;;;;;;;;;;;;;;;;;;;;
;Bayern;Annette Heidrich;SPD;212;weiblich;;;;;;;;;;;;;;;;;;;;;;;;
;Bayern;Tobias Wüst;SPD;247;männlich;;;;;;;;;;;;;;;;;;;;;;;;
;Bayern;Sigrid Meierhofer;SPD;226;weiblich;;;;;;;;;;;;;;;;;;;;;;;;
;Bayern;Vincent Hogenkamp;SPD;228;männlich;;;;;;;;;;;;;;;;;;;;;;;;
;Bayern;Jessica Meierhofer;SPD;216;weiblich;;;;;;;;;;;;;;;;;;;;;;;;
;Bayern;Martina Holderied;SPD;256;weiblich;;;;;;;;;;;;;;;;;;;;;;;;
;Bayern;Pankraz Schaberl;SPD;222;männlich;;;;;;;;;;;;;;;;;;;;;;;;
;Bayern;Dennis Schötz;SPD;231;männlich;;;;;;;;;;;;;;;;;;;;;;;;
;Bayern;Christian Wenzel;SPD;;männlich;;;;;;;;;;;;;;;;;;;;;;;;
;Bayern;Stefan Werner;SPD;;männlich;;;;;;;;;;;;;;;;;;;;;;;;
;Bayern;Alexander Klehr;SPD;;männlich;;;;;;;;;;;;;;;;;;;;;;;;
;Bayern;Florian Post;SPD;217;männlich;;;Parlamentarier Wiederwahl;;;;;;;;;;;;;;;;;;;;;
;Bayern;Korbinian Rüger;SPD;221;männlich;;;;;;;;;;;;;;;;;;;;;;;;
;Bayern;Karl-Heinz Brunner;SPD;255;männlich;;;Parlamentarier Wiederwahl;;;;;;;;;;;;;;;;;;;;;
;Bayern;Christoph Arz;GRÜNE;212;männlich;;;;;;;;;;;;;;;;;;;;;;;;
;Bayern;Beate Walter-Rosenheimer;GRÜNE;215;weiblich;;;Parlamentarier Wiederwahl;;;;;;;;;;;;;;;;;;;;;
;Bayern;Christoph Lochmüller;GRÜNE;213;männlich;;;;;;;;;;;;;;;;;;;;;;;;
;Bayern;Dieter Janecek;GRÜNE;220;männlich;;;Parlamentarier Wiederwahl;;;;;;;;;;;;;;;;;;;;;
;Bayern;Vaniessa Rashid;GRÜNE;218;weiblich;;;;;;;;;;;;;;;;;;;;;;;;
;Bayern;Jamila Schäfer;GRÜNE;219;weiblich;;;;;;;;;;;;;;;;;;;;;;;;
;Bayern;Doris Wagner;GRÜNE;217;weiblich;;;;;;;;;;;;;;;;;;;;;;;;
;Bayern;Stefan Schmidt;GRÜNE;233;männlich;;;Parlamentarier Wiederwahl;;;;;;;;;;;;;;;;;;;;;
;Bayern;Niklas Wagener;GRÜNE;247;männlich;;;;;;;;;;;;;;;;;;;;;;;;
;Bayern;Elisabeth Löwenbourg-Brzezinski;GRÜNE;226;weiblich;;;;;;;;;;;;;;;;;;;;;;;;
;Bayern;Toni Hofreiter;GRÜNE;221;männlich;;;Parlamentarier Wiederwahl;;;;;;;;;;;;;;;;;;;;;
;Bayern;Karl Bär;GRÜNE;223;männlich;;;;;;;;;;;;;;;;;;;;;;;;
;Bayern;Stefan Lindauer;GRÜNE;253;männlich;;;;;;;;;;;;;;;;;;;;;;;;
;Bayern;Felix Erbe;GRÜNE;246;männlich;;;;;;;;;;;;;;;;;;;;;;;;
;Bayern;Dr.Manuela Rottmann;GRÜNE;248;weiblich;;;Parlamentarier Wiederwahl;;;;;;;;;;;;;;;;;;;;;
;Bayern;Armin Beck;GRÜNE;249;männlich;;;;;;;;;;;;;;;;;;;;;;;;
;Bayern;Corinna Ullrich;GRÜNE;250;weiblich;;;;;;;;;;;;;;;;;;;;;;;;
;Bayern;Sebastian Hansen;GRÜNE;251;männlich;;;;;;;;;;;;;;;;;;;;;;;;
;Bayern;Leon Eckert;GRÜNE;214;männlich;;;;;;;;;;;;;;;;;;;;;;;;
;Bayern;Daniel Pflügl;GRÜNE;257;männlich;;;;;;;;;;;;;;;;;;;;;;;;
;Bayern;Dr.Herbert Sirois;GRÜNE;241;männlich;;;;;;;;;;;;;;;;;;;;;;;;
;Bayern;Anneliese Droste;GRÜNE;235;weiblich;;;;;;;;;;;;;;;;;;;;;;;;
;Bayern;Uwe Kekeritz;GRÜNE;243;männlich;;;Parlamentarier Wiederwahl;;;;;;;;;;;;;;;;;;;;;
;Bayern;Maria Krieger;GRÜNE;228;weiblich;;;;;;;;;;;;;;;;;;;;;;;;
;Bayern;Sascha Müller;GRÜNE;245;männlich;;;;;;;;;;;;;;;;;;;;;;;;
;Bayern;Joachim Siebler;GRÜNE;216;männlich;;;;;;;;;;;;;;;;;;;;;;;;
;Bayern;Victoria Broßart;GRÜNE;222;weiblich;;;;;;;;;;;;;;;;;;;;;;;;
;Bayern;Marlene Schönberger;GRÜNE;230;weiblich;;;;;;;;;;;;;;;;;;;;;;;;
;Bayern;Erhard Grundl;GRÜNE;231;männlich;;;Parlamentarier Wiederwahl;;;;;;;;;;;;;;;;;;;;;
;Bayern;Karl-Heinz Herbst;GRÜNE;232;männlich;;;;;;;;;;;;;;;;;;;;;;;;
;Bayern;Tina Winklmann;GRÜNE;234;weiblich;;;;;;;;;;;;;;;;;;;;;;;;
;Bayern;Lisa Badum;GRÜNE;236;weiblich;;;Parlamentarier Wiederwahl;;;;;;;;;;;;;;;;;;;;;
;Bayern;Susanne Bauer;GRÜNE;237;weiblich;;;;;;;;;;;;;;;;;;;;;;;;
;Bayern;Johannes Wagner;GRÜNE;238;männlich;;;;;;;;;;;;;;;;;;;;;;;;
;Bayern;Ralf Reusch;GRÜNE;239;männlich;;;;;;;;;;;;;;;;;;;;;;;;
;Bayern;Martin Pfeiffer;GRÜNE;240;männlich;;;;;;;;;;;;;;;;;;;;;;;;
;Bayern;Tina Prietz;GRÜNE;242;weiblich;;;;;;;;;;;;;;;;;;;;;;;;
;Bayern;Tessa Ganserer;GRÜNE;244;weiblich;;;;;;;;;;;;;;;;;;;;;;;;
;Bayern;Claudia Roth;GRÜNE;252;weiblich;;;Parlamentarier Wiederwahl;;;;;;;;;;;;;;;;;;;;;
;Bayern;Stefan Norder;GRÜNE;254;männlich;;;;;;;;;;;;;;;;;;;;;;;;
;Bayern;Ekin Deligöz;GRÜNE;255;weiblich;;;Parlamentarier Wiederwahl;;;;;;;;;;;;;;;;;;;;;
;Bayern;Pius Bandte;GRÜNE;256;männlich;;;;;;;;;;;;;;;;;;;;;;;;
;Bayern;Stefanie Auer;GRÜNE;229;weiblich;;;;;;;;;;;;;;;;;;;;;;;;
;Bayern;Wolfgang Ehrenlechner;GRÜNE;225;männlich;;;;;;;;;;;;;;;;;;;;;;;;
;Bayern;Matthias Schwinger;GRÜNE;227;männlich;;;;;;;;;;;;;;;;;;;;;;;;
;Bayern;Martina Neubauer;GRÜNE;224;weiblich;;;;;;;;;;;;;;;;;;;;;;;;
;Bayern;Saskia Weißhaupt;GRÜNE;;weiblich;;;;;;;;;;;;;;;;;;;;;;;;
;Bayern;Margarete Bause;GRÜNE;;weiblich;;;Parlamentarier Wiederwahl;;;;;;;;;;;;;;;;;;;;;
;Bayern;Wiebke Richter;GRÜNE;;weiblich;;;;;;;;;;;;;;;;;;;;;;;;
;Bayern;Ami Lanzinger;GRÜNE;;männlich;;;;;;;;;;;;;;;;;;;;;;;;
;Bayern;Maria Wißmiller;GRÜNE;;weiblich;;;;;;;;;;;;;;;;;;;;;;;;
;Bayern;Isabell Löschner;GRÜNE;;weiblich;;;;;;;;;;;;;;;;;;;;;;;;
;Bayern;Peter Heilrath;GRÜNE;;männlich;;;;;;;;;;;;;;;;;;;;;;;;
;Bayern;Andrea Rauch;GRÜNE;;weiblich;;;;;;;;;;;;;;;;;;;;;;;;
;Bayern;Agnes Krumwiede;GRÜNE;;weiblich;;;;;;;;;;;;;;;;;;;;;;;;
;Bayern;Sabeeka Gangjee-Well;GRÜNE;;weiblich;;;;;;;;;;;;;;;;;;;;;;;;
;Bayern;Erna-Kathrein Groll;GRÜNE;;weiblich;;;;;;;;;;;;;;;;;;;;;;;;
;Bayern;Lakhena Leng;GRÜNE;;weiblich;;;;;;;;;;;;;;;;;;;;;;;;
;Bayern;Eveline Kuhnert;GRÜNE;;weiblich;;;;;;;;;;;;;;;;;;;;;;;;
;Bayern;Ursula Frank-Mayer;GRÜNE;;weiblich;;;;;;;;;;;;;;;;;;;;;;;;
;Bayern;Ina Hofmann;GRÜNE;;weiblich;;;;;;;;;;;;;;;;;;;;;;;;
;Bayern;Ruprecht Steinhübl;GRÜNE;;männlich;;;;;;;;;;;;;;;;;;;;;;;;
1;Berlin;Dr.Ottilie Klein;CDU;75;weiblich;;;;;;;;;;;;;;;;;;;;;;;;
1;Berlin;Manuela Anders-Granitzki;CDU;76;weiblich;;;;;;;;;;;;;;;;;;;;;;;;
1;Berlin;Prof. Dr.Monika Grütters;CDU;77;weiblich;;;Parlamentarier Wiederwahl;;;;;;;;;;;;;;;;;;;;;
1;Berlin;Joe Chialo;CDU;78;männlich;;;;;;;;;;;;;;;;;;;;;;;;
1;Berlin;Thomas Heilmann;CDU;79;männlich;;;Parlamentarier Wiederwahl;;;;;;;;;;;;;;;;;;;;;
1;Berlin;Klaus-Dieter Gröhler;CDU;80;männlich;;;Parlamentarier Wiederwahl;;;;;;;;;;;;;;;;;;;;;
1;Berlin;Dr.Jan-Marco Luczak;CDU;81;männlich;;;Parlamentarier Wiederwahl;;;;;;;;;;;;;;;;;;;;;
1;Berlin;Mario Czaja;CDU;85;männlich;;;;;;;;;;;;;;;;;;;;;;;;
;Berlin;Christiana Schwarzer;CDU;82;weiblich;;;;;;;;;;;;;;;;;;;;;;;;
;Berlin;Kevin Kratzsch;CDU;83;männlich;;;;;;;;;;;;;;;;;;;;;;;;
;Berlin;Wilfried Nünthel;CDU;86;männlich;;;;;;;;;;;;;;;;;;;;;;;;
;Berlin;Claudia Pechstein;CDU;84;weiblich;;;;;;;;;;;;;;;;;;;;;;;;
;Berlin;Jörg Schumacher;CDU;;männlich;;;;;;;;;;;;;;;;;;;;;;;;
;Berlin;Vanessa Tietz;CDU;;weiblich;;;;;;;;;;;;;;;;;;;;;;;;
;Berlin;Torsten Einstmann;SPD;77;männlich;;;;;;;;;;;;;;;;;;;;;;;;
;Berlin;Kevin Kühnert;SPD;81;männlich;;;;;;;;;;;;;;;;;;;;;;;;
;Berlin;Annika Klose;SPD;75;weiblich;;;;;;;;;;;;;;;;;;;;;;;;
;Berlin;Cansel Kiziltepe;SPD;83;weiblich;;;Parlamentarier Wiederwahl;;;;;;;;;;;;;;;;;;;;;
;Berlin;Klaus Mindrup;SPD;76;männlich;;;Parlamentarier Wiederwahl;;;;;;;;;;;;;;;;;;;;;
;Berlin;Helmut Kleebank;SPD;78;männlich;;;;;;;;;;;;;;;;;;;;;;;;
;Berlin;Ruppert Stüwe;SPD;79;männlich;;;;;;;;;;;;;;;;;;;;;;;;
1;Berlin;Michael Müller;SPD;80;männlich;;;;;;;;;;;;;;;;;;;;;;;;
;Berlin;Hakan Demir;SPD;82;männlich;;;;;;;;;;;;;;;;;;;;;;;;
;Berlin;Ana-Maria Tr?snea;SPD;84;weiblich;;;;;;;;;;;;;;;;;;;;;;;;
;Berlin;Enrico Bloch;SPD;85;männlich;;;;;;;;;;;;;;;;;;;;;;;;
;Berlin;Anja Ingenbleek;SPD;86;weiblich;;;;;;;;;;;;;;;;;;;;;;;;
;Berlin;Alexander Julius Frölich;SPD;;männlich;;;;;;;;;;;;;;;;;;;;;;;;
;Berlin;Ulrike Rosensky;SPD;;weiblich;;;;;;;;;;;;;;;;;;;;;;;;
;Berlin;Barbara Loth;SPD;;weiblich;;;;;;;;;;;;;;;;;;;;;;;;
;Berlin;Lisa Paus;GRÜNE;80;weiblich;;;Parlamentarier Wiederwahl;;;;;;;;;;;;;;;;;;;;;
;Berlin;Stefan Gelbhaar;GRÜNE;76;männlich;;;Parlamentarier Wiederwahl;;;;;;;;;;;;;;;;;;;;;
;Berlin;Renate Künast;GRÜNE;81;weiblich;;;Parlamentarier Wiederwahl;;;;;;;;;;;;;;;;;;;;;
;Berlin;Andreas Audretsch;GRÜNE;82;männlich;;;;;;;;;;;;;;;;;;;;;;;;
;Berlin;Nina Stahr;GRÜNE;79;weiblich;;;;;;;;;;;;;;;;;;;;;;;;
;Berlin;Laura Sophie Dornheim;GRÜNE;86;weiblich;;;;;;;;;;;;;;;;;;;;;;;;
;Berlin;Annkatrin Esser;GRÜNE;84;weiblich;;;;;;;;;;;;;;;;;;;;;;;;
;Berlin;Juliana Wimmer;GRÜNE;;weiblich;;;;;;;;;;;;;;;;;;;;;;;;
;Berlin;Hanna Steinmüller;GRÜNE;75;weiblich;;;;;;;;;;;;;;;;;;;;;;;;
;Berlin;Bernd Schwarz;GRÜNE;77;männlich;;;;;;;;;;;;;;;;;;;;;;;;
;Berlin;Maya Richter;GRÜNE;;weiblich;;;;;;;;;;;;;;;;;;;;;;;;
;Berlin;Philip Alexander Hiersemenzel;GRÜNE;;männlich;;;;;;;;;;;;;;;;;;;;;;;;
;Berlin;Susanne Jahn;GRÜNE;;weiblich;;;;;;;;;;;;;;;;;;;;;;;;
;Berlin;Simon Gabriel Müller;GRÜNE;;männlich;;;;;;;;;;;;;;;;;;;;;;;;
;Berlin;Nicole Holtz;GRÜNE;;weiblich;;;;;;;;;;;;;;;;;;;;;;;;
;Berlin;Torsten Kirschke;GRÜNE;;männlich;;;;;;;;;;;;;;;;;;;;;;;;
;Berlin;Bianca Denfeld;GRÜNE;;weiblich;;;;;;;;;;;;;;;;;;;;;;;;
;Berlin;Steffen Laube;GRÜNE;78;männlich;;;;;;;;;;;;;;;;;;;;;;;;
;Berlin;Johanna Haffner;GRÜNE;;weiblich;;;;;;;;;;;;;;;;;;;;;;;;
;Berlin;Tarek Annan;GRÜNE;;männlich;;;;;;;;;;;;;;;;;;;;;;;;
;Berlin;Canan Bayram;GRÜNE;83;weiblich;;;;;;;;;;;;;;;;;;;;;;;;
;Berlin;Anne Thiel-Klein;GRÜNE;85;weiblich;;;;;;;;;;;;;;;;;;;;;;;;
;Brandenburg;Wiebke Papenbrock;SPD;56;weiblich;;;;;;;;;;;;;;;;;;;;;;;;
;Brandenburg;Stefan Zierke;SPD;57;männlich;;;Parlamentarier Wiederwahl;;;;;;;;;;;;;;;;;;;;;
;Brandenburg;Ariane Fäscher;SPD;58;weiblich;;;;;;;;;;;;;;;;;;;;;;;;
;Brandenburg;Simona Koß;SPD;59;weiblich;;;;;;;;;;;;;;;;;;;;;;;;
;Brandenburg;Sonja Eichwede;SPD;60;weiblich;;;;;;;;;;;;;;;;;;;;;;;;
1;Brandenburg;Olaf Scholz;SPD;61;männlich;;;;;;;;;;;;;;;;;;;;;;;;
;Brandenburg;Sylvia Lehmann;SPD;62;weiblich;;;Parlamentarier Wiederwahl;;;;;;;;;;;;;;;;;;;;;
;Brandenburg;Mathias Papendieck;SPD;63;männlich;;;;;;;;;;;;;;;;;;;;;;;;
;Brandenburg;Maja Wallstein;SPD;64;weiblich;;;;;;;;;;;;;;;;;;;;;;;;
;Brandenburg;Hannes Walter;SPD;65;männlich;;;;;;;;;;;;;;;;;;;;;;;;
;Brandenburg;Martin Ehlers;SPD;;männlich;;;;;;;;;;;;;;;;;;;;;;;;
;Brandenburg;Remo Ortmann;SPD;;männlich;;;;;;;;;;;;;;;;;;;;;;;;
;Brandenburg;Finn Kuhne;SPD;;männlich;;;;;;;;;;;;;;;;;;;;;;;;
;Brandenburg;Friederike Linke;SPD;;weiblich;;;;;;;;;;;;;;;;;;;;;;;;
;Brandenburg;Sven Szramek;SPD;;männlich;;;;;;;;;;;;;;;;;;;;;;;;
;Brandenburg;Jana Gruber;SPD;;weiblich;;;;;;;;;;;;;;;;;;;;;;;;
;Brandenburg;Stefan Labahn;SPD;;männlich;;;;;;;;;;;;;;;;;;;;;;;;
;Brandenburg;Ria Cybill Geyer;SPD;;weiblich;;;;;;;;;;;;;;;;;;;;;;;;
;Brandenburg;Catharina Bockelmann;SPD;;weiblich;;;;;;;;;;;;;;;;;;;;;;;;
;Brandenburg;Christian Görke;DIE LINKE;64;männlich;;;;;;;;;;;;;;;;;;;;;;;;
;Brandenburg;Norbert Müller;DIE LINKE;61;männlich;;;Parlamentarier Wiederwahl;;;;;;;;;;;;;;;;;;;;;
;Brandenburg;Anja Mayer;DIE LINKE;56;weiblich;;;;;;;;;;;;;;;;;;;;;;;;
;Brandenburg;Isabelle Czok-Alm;DIE LINKE;57;weiblich;;;;;;;;;;;;;;;;;;;;;;;;
;Brandenburg;Anke Domscheit-Berg;DIE LINKE;58;weiblich;;;Parlamentarier Wiederwahl;;;;;;;;;;;;;;;;;;;;;
;Brandenburg;Niels-Olaf Lüders;DIE LINKE;59;männlich;;;;;;;;;;;;;;;;;;;;;;;;
;Brandenburg;Tobias Bank;DIE LINKE;60;männlich;;;;;;;;;;;;;;;;;;;;;;;;
;Brandenburg;Carsten Preuß;DIE LINKE;62;männlich;;;;;;;;;;;;;;;;;;;;;;;;
;Brandenburg;Stefan Kunath;DIE LINKE;63;männlich;;;;;;;;;;;;;;;;;;;;;;;;
;Brandenburg;Yvonne Mahlo;DIE LINKE;65;weiblich;;;;;;;;;;;;;;;;;;;;;;;;
;Brandenburg;Martina Trauth;DIE LINKE;;weiblich;;;;;;;;;;;;;;;;;;;;;;;;
;Brandenburg;Björn Krüger;DIE LINKE;;männlich;;;;;;;;;;;;;;;;;;;;;;;;
;Mecklenburg-Vorpommern;Philipp Amthor;CDU;16;männlich;;;Parlamentarier Wiederwahl;;;;;;;;;;;;;;;;;;;;;
;Mecklenburg-Vorpommern;Dietrich Monstadt;CDU;12;männlich;;;Parlamentarier Wiederwahl;;;;;;;;;;;;;;;;;;;;;
;Mecklenburg-Vorpommern;Simone Borchardt;CDU;13;weiblich;;;;;;;;;;;;;;;;;;;;;;;;
;Mecklenburg-Vorpommern;Georg Günther;CDU;15;männlich;;;;;;;;;;;;;;;;;;;;;;;;
;Mecklenburg-Vorpommern;Dr.Stephan Bunge;CDU;17;männlich;;;;;;;;;;;;;;;;;;;;;;;;
;Mecklenburg-Vorpommern;Peter Stein;CDU;14;männlich;;;Parlamentarier Wiederwahl;;;;;;;;;;;;;;;;;;;;;
;Mecklenburg-Vorpommern;Theresa Schöler;CDU;;weiblich;;;;;;;;;;;;;;;;;;;;;;;;
;Mecklenburg-Vorpommern;Hannelore Glagla;CDU;;weiblich;;;;;;;;;;;;;;;;;;;;;;;;
;Mecklenburg-Vorpommern;Dr.Dietmar Bartsch;DIE LINKE;14;männlich;;;Parlamentarier Wiederwahl;;;;;;;;;;;;;;;;;;;;;
;Mecklenburg-Vorpommern;Ina Latendorf;DIE LINKE;12;weiblich;;;;;;;;;;;;;;;;;;;;;;;;
;Mecklenburg-Vorpommern;Amina Kanew;DIE LINKE;17;weiblich;;;;;;;;;;;;;;;;;;;;;;;;
;Mecklenburg-Vorpommern;Toni Jaschinski;DIE LINKE;16;männlich;;;;;;;;;;;;;;;;;;;;;;;;
;Mecklenburg-Vorpommern;Judith Keller;DIE LINKE;13;weiblich;;;;;;;;;;;;;;;;;;;;;;;;
;Mecklenburg-Vorpommern;Susanne Krone;DIE LINKE;;weiblich;;;;;;;;;;;;;;;;;;;;;;;;
;Mecklenburg-Vorpommern;Lajos Orban;DIE LINKE;;männlich;;;;;;;;;;;;;;;;;;;;;;;;
;Mecklenburg-Vorpommern;Kerstin Kassner;DIE LINKE;15;weiblich;;;Parlamentarier Wiederwahl;;;;;;;;;;;;;;;;;;;;;
;Sachsen;Dr.Christiane Schenderlein;CDU;151;weiblich;;;;;;;;;;;;;;;;;;;;;;;;
;Sachsen;Jens Lehmann;CDU;152;männlich;;;Parlamentarier Wiederwahl;;;;;;;;;;;;;;;;;;;;;
;Sachsen;Jessica Heller;CDU;153;weiblich;;;;;;;;;;;;;;;;;;;;;;;;
;Sachsen;Georg-Ludwig von Breitenbuch;CDU;154;männlich;;;;;;;;;;;;;;;;;;;;;;;;
;Sachsen;Sebastian Fischer;CDU;155;männlich;;;;;;;;;;;;;;;;;;;;;;;;
;Sachsen;Roland Ermer;CDU;156;männlich;;;;;;;;;;;;;;;;;;;;;;;;
;Sachsen;Florian Oest;CDU;157;männlich;;;;;;;;;;;;;;;;;;;;;;;;
;Sachsen;Dr.Corinna Franke-Wöller;CDU;158;weiblich;;;;;;;;;;;;;;;;;;;;;;;;
;Sachsen;Dr.Markus Reichel;CDU;159;männlich;;;;;;;;;;;;;;;;;;;;;;;;
;Sachsen;Lars Rohwer;CDU;160;männlich;;;;;;;;;;;;;;;;;;;;;;;;
;Sachsen;Veronika Bellmann;CDU;161;weiblich;;;Parlamentarier Wiederwahl;;;;;;;;;;;;;;;;;;;;;
;Sachsen;Frank Heinrich;CDU;162;männlich;;;Parlamentarier Wiederwahl;;;;;;;;;;;;;;;;;;;;;
;Sachsen;Marco Wanderwitz;CDU;163;männlich;;;Parlamentarier Wiederwahl;;;;;;;;;;;;;;;;;;;;;
;Sachsen;Alexander Krauß;CDU;164;männlich;;;Parlamentarier Wiederwahl;;;;;;;;;;;;;;;;;;;;;
;Sachsen;Carsten Körber;CDU;165;männlich;;;Parlamentarier Wiederwahl;;;;;;;;;;;;;;;;;;;;;
;Sachsen;Yvonne Magwas;CDU;166;weiblich;;;Parlamentarier Wiederwahl;;;;;;;;;;;;;;;;;;;;;
;Sachsen;Bianca Erdmann-Reusch;CDU;;weiblich;;;;;;;;;;;;;;;;;;;;;;;;
;Sachsen;Sylke Jennewein;CDU;;weiblich;;;;;;;;;;;;;;;;;;;;;;;;
;Sachsen;Christina Ruge;CDU;;weiblich;;;;;;;;;;;;;;;;;;;;;;;;
;Sachsen;Heike Helbig;CDU;;weiblich;;;;;;;;;;;;;;;;;;;;;;;;
;Sachsen;Florian Stehl;CDU;;männlich;;;;;;;;;;;;;;;;;;;;;;;;
;Sachsen;Anne Heimann;CDU;;weiblich;;;;;;;;;;;;;;;;;;;;;;;;
;Sachsen;Birgit Elsner;CDU;;weiblich;;;;;;;;;;;;;;;;;;;;;;;;
;Sachsen;Julia Schramm;DIE LINKE;154;weiblich;;;;;;;;;;;;;;;;;;;;;;;;
;Sachsen;André Hahn;DIE LINKE;158;männlich;;;;;;;;;;;;;;;;;;;;;;;;
;Sachsen;Sebastian Bernhardt;DIE LINKE;163;männlich;;;;;;;;;;;;;;;;;;;;;;;;
;Sachsen;Clara Anne Bünger;DIE LINKE;164;weiblich;;;;;;;;;;;;;;;;;;;;;;;;
;Sachsen;Sabine Zimmermann;DIE LINKE;165;weiblich;;;;;;;;;;;;;;;;;;;;;;;;
;Sachsen;Philipp Rubach;DIE LINKE;151;männlich;;;;;;;;;;;;;;;;;;;;;;;;
;Sachsen;Nina Treu;DIE LINKE;152;weiblich;;;;;;;;;;;;;;;;;;;;;;;;
;Sachsen;Sören Pellmann;DIE LINKE;153;männlich;;;Parlamentarier Wiederwahl;;;;;;;;;;;;;;;;;;;;;
;Sachsen;Stefan Hartmann;DIE LINKE;161;männlich;;;;;;;;;;;;;;;;;;;;;;;;
;Sachsen;Markus Pohle;DIE LINKE;155;männlich;;;;;;;;;;;;;;;;;;;;;;;;
;Sachsen;Caren Lay;DIE LINKE;156;weiblich;;;;;;;;;;;;;;;;;;;;;;;;
;Sachsen;Marko Schmidt;DIE LINKE;157;männlich;;;;;;;;;;;;;;;;;;;;;;;;
;Sachsen;Silvio Lang;DIE LINKE;160;männlich;;;;;;;;;;;;;;;;;;;;;;;;
;Sachsen;Katja Kipping;DIE LINKE;159;weiblich;;;;;;;;;;;;;;;;;;;;;;;;
;Sachsen;Tim Detzner;DIE LINKE;162;männlich;;;;;;;;;;;;;;;;;;;;;;;;
;Sachsen;Nancy Hochstein;DIE LINKE;;weiblich;;;;;;;;;;;;;;;;;;;;;;;;
;Sachsen;Johannes Höfer;DIE LINKE;166;männlich;;;;;;;;;;;;;;;;;;;;;;;;
;Sachsen;Claudia Scholz;DIE LINKE;;weiblich;;;;;;;;;;;;;;;;;;;;;;;;
;Sachsen;Nora-Helene Scholz;DIE LINKE;;weiblich;;;;;;;;;;;;;;;;;;;;;;;;
;Sachsen;Tino Chrupalla;AfD;157;männlich;;;;;;;;;;;;;;;;;;;;;;;;
;Sachsen;Jens Maier;AfD;159;männlich;;;;;;;;;;;;;;;;;;;;;;;;
;Sachsen;Siegbert Droese;AfD;153;männlich;;;Parlamentarier Wiederwahl;;;;;;;;;;;;;;;;;;;;;
;Sachsen;Karsten Hilse;AfD;156;männlich;;;;;;;;;;;;;;;;;;;;;;;;
;Sachsen;Andreas Harlaß;AfD;;männlich;;;;;;;;;;;;;;;;;;;;;;;;
;Sachsen;Steffen Janich;AfD;158;männlich;;;;;;;;;;;;;;;;;;;;;;;;
;Sachsen;Barbara Lenk;AfD;155;weiblich;;;;;;;;;;;;;;;;;;;;;;;;
;Sachsen;Ulrich Oehme;AfD;;männlich;;;;;;;;;;;;;;;;;;;;;;;;
;Sachsen;Christoph Neumann;AfD;152;männlich;;;Parlamentarier Wiederwahl;;;;;;;;;;;;;;;;;;;;;
;Sachsen;Christian Wesemann;AfD;;männlich;;;;;;;;;;;;;;;;;;;;;;;;
;Sachsen;Frank Trenkler;AfD;;männlich;;;;;;;;;;;;;;;;;;;;;;;;
;Sachsen;Martin Braukmann;AfD;;männlich;;;;;;;;;;;;;;;;;;;;;;;;
;Sachsen;Thomas Dietz;AfD;164;männlich;;;;;;;;;;;;;;;;;;;;;;;;
;Sachsen;Mike Moncsek;AfD;163;männlich;;;;;;;;;;;;;;;;;;;;;;;;
;Sachsen;René Bochmann;AfD;151;männlich;;;;;;;;;;;;;;;;;;;;;;;;
;Sachsen;Edgar Naujok;AfD;154;männlich;;;;;;;;;;;;;;;;;;;;;;;;
;Sachsen;Holger Zielinski;AfD;;männlich;;;;;;;;;;;;;;;;;;;;;;;;
;Sachsen;Nico Köhler;AfD;;männlich;;;;;;;;;;;;;;;;;;;;;;;;
;Sachsen;Holger Prade;AfD;;männlich;;;;;;;;;;;;;;;;;;;;;;;;
;Sachsen;Dirk Eckhardt;AfD;;männlich;;;;;;;;;;;;;;;;;;;;;;;;
;Sachsen;Michael Klonovsky;AfD;162;männlich;;;;;;;;;;;;;;;;;;;;;;;;
;Sachsen;Mathias Weiser;AfD;166;männlich;;;;;;;;;;;;;;;;;;;;;;;;
;Sachsen;Carolin Bachmann;AfD;161;weiblich;;;;;;;;;;;;;;;;;;;;;;;;
;Sachsen;Andreas Albrecht Harlaß;AfD;160;männlich;;;;;;;;;;;;;;;;;;;;;;;;
;Sachsen;Matthias Moosdorf;AfD;165;männlich;;;;;;;;;;;;;;;;;;;;;;;;
;Sachsen-Anhalt;Heike Brehmer;CDU;68;weiblich;;;Parlamentarier Wiederwahl;;;;;;;;;;;;;;;;;;;;;
;Sachsen-Anhalt;Dieter Stier;CDU;73;männlich;;;Parlamentarier Wiederwahl;;;;;;;;;;;;;;;;;;;;;
;Sachsen-Anhalt;Tino Sorge;CDU;69;männlich;;;Parlamentarier Wiederwahl;;;;;;;;;;;;;;;;;;;;;
;Sachsen-Anhalt;Christoph Bernstiel;CDU;72;männlich;;;Parlamentarier Wiederwahl;;;;;;;;;;;;;;;;;;;;;
;Sachsen-Anhalt;Sepp Müller;CDU;70;männlich;;;Parlamentarier Wiederwahl;;;;;;;;;;;;;;;;;;;;;
;Sachsen-Anhalt;Torsten Schweiger;CDU;74;männlich;;;Parlamentarier Wiederwahl;;;;;;;;;;;;;;;;;;;;;
;Sachsen-Anhalt;Uwe Harms;CDU;66;männlich;;;;;;;;;;;;;;;;;;;;;;;;
;Sachsen-Anhalt;Gerry Weber;CDU;67;männlich;;;;;;;;;;;;;;;;;;;;;;;;
;Sachsen-Anhalt;Frank Wyszkowski;CDU;71;männlich;;;;;;;;;;;;;;;;;;;;;;;;
;Sachsen-Anhalt;Anna Kreye;CDU;;weiblich;;;;;;;;;;;;;;;;;;;;;;;;
;Sachsen-Anhalt;Claus-Christian Kühne;CDU;;männlich;;;;;;;;;;;;;;;;;;;;;;;;
;Sachsen-Anhalt;Katrin Rösel;CDU;;weiblich;;;;;;;;;;;;;;;;;;;;;;;;
;Sachsen-Anhalt;Henry Klipp;CDU;;männlich;;;;;;;;;;;;;;;;;;;;;;;;
;Sachsen-Anhalt;Karamba Diaby;SPD;72;männlich;;;Parlamentarier Wiederwahl;;;;;;;;;;;;;;;;;;;;;
;Sachsen-Anhalt;Katrin Budde;SPD;74;weiblich;;;Parlamentarier Wiederwahl;;;;;;;;;;;;;;;;;;;;;
;Sachsen-Anhalt;Martin Kröber;SPD;69;männlich;;;;;;;;;;;;;;;;;;;;;;;;
;Sachsen-Anhalt;Franziska Kersten;SPD;67;weiblich;;;;;;;;;;;;;;;;;;;;;;;;
;Sachsen-Anhalt;Maik Berger;SPD;68;männlich;;;;;;;;;;;;;;;;;;;;;;;;
;Sachsen-Anhalt;Anne Stamm;SPD;71;weiblich;;;;;;;;;;;;;;;;;;;;;;;;
;Sachsen-Anhalt;Leonard Schneider;SPD;70;männlich;;;;;;;;;;;;;;;;;;;;;;;;
;Sachsen-Anhalt;Herbert Wollmann;SPD;66;männlich;;;;;;;;;;;;;;;;;;;;;;;;
;Sachsen-Anhalt;Jens Wojtyschak;SPD;73;männlich;;;;;;;;;;;;;;;;;;;;;;;;
